2026-08-28 18:04:31,347 [DEBUG] (0.000) 
            SELECT name, type FROM sqlite_master
            WHERE type in ('table', 'view') AND NOT name='sqlite_sequence'
            ORDER BY name; args=None; alias=default
2026-08-28 18:04:31,351 [DEBUG] (0.000) SELECT "django_migrations"."id", "django_migrations"."app", "django_migrations"."name", "django_migrations"."applied" FROM "django_migrations"; args=(); alias=default
2026-08-28 18:07:23,918 [DEBUG] (0.000) SELECT "task_manager_category"."id", "task_manager_category"."name", "task_manager_category"."is_deleted", "task_manager_category"."deleted_at", "task_manager_category"."created_at" FROM "task_manager_category" WHERE ("task_manager_category"."is_deleted" = 0 AND "task_manager_category"."id" = '74366ffec79f40d090eee9d401ba33c7') LIMIT 21; args=(False, '74366ffec79f40d090eee9d401ba33c7'); alias=default
2026-08-28 18:08:38,361 [DEBUG] (0.001) SELECT "task_manager_category"."id", "task_manager_category"."name", "task_manager_category"."is_deleted", "task_manager_category"."deleted_at", "task_manager_category"."created_at" FROM "task_manager_category" WHERE ("task_manager_category"."is_deleted" = 0 AND "task_manager_category"."id" = '74366ffec79f40d090eee9d401ba33c7') LIMIT 21; args=(False, '74366ffec79f40d090eee9d401ba33c7'); alias=default
2026-08-28 18:08:38,411 [DEBUG] (0.047) UPDATE "task_manager_category" SET "name" = 'cat 2', "is_deleted" = 1, "deleted_at" = NULL, "created_at" = '2026-08-28 15:59:24.169806' WHERE "task_manager_category"."id" = '74366ffec79f40d090eee9d401ba33c7'; args=('cat 2', True, None, '2026-08-28 15:59:24.169806', '74366ffec79f40d090eee9d401ba33c7'); alias=default
2026-08-28 20:23:47,738 [DEBUG] (0.000) 
            SELECT name, type FROM sqlite_master
            WHERE type in ('table', 'view') AND NOT name='sqlite_sequence'
            ORDER BY name; args=None; alias=default
2026-08-28 20:23:47,745 [DEBUG] (0.001) SELECT "django_migrations"."id", "django_migrations"."app", "django_migrations"."name", "django_migrations"."applied" FROM "django_migrations"; args=(); alias=default
2026-08-28 20:23:47,746 [DEBUG] (0.000) 
            SELECT name, type FROM sqlite_master
            WHERE type in ('table', 'view') AND NOT name='sqlite_sequence'
            ORDER BY name; args=None; alias=default
2026-08-28 20:23:47,747 [DEBUG] (0.000) SELECT "django_migrations"."id", "django_migrations"."app", "django_migrations"."name", "django_migrations"."applied" FROM "django_migrations"; args=(); alias=default
2026-08-28 20:23:47,777 [DEBUG] (0.000) 
            SELECT name, type FROM sqlite_master
            WHERE type in ('table', 'view') AND NOT name='sqlite_sequence'
            ORDER BY name; args=None; alias=default
2026-08-28 20:23:47,778 [DEBUG] (0.000) SELECT "django_migrations"."id", "django_migrations"."app", "django_migrations"."name", "django_migrations"."applied" FROM "django_migrations"; args=(); alias=default
2026-08-28 20:23:47,780 [DEBUG] (0.000) SELECT "django_content_type"."model" AS "model" FROM "django_content_type" WHERE "django_content_type"."app_label" = 'admin'; args=('admin',); alias=default
2026-08-28 20:23:47,782 [DEBUG] (0.000) SELECT "django_content_type"."id", "django_content_type"."app_label", "django_content_type"."model" FROM "django_content_type" WHERE ("django_content_type"."app_label" = 'admin' AND "django_content_type"."model" IN ('logentry')); args=('admin', 'logentry'); alias=default
2026-08-28 20:23:47,785 [DEBUG] (0.000) SELECT "auth_permission"."content_type_id" AS "content_type", "auth_permission"."codename" AS "codename" FROM "auth_permission" INNER JOIN "django_content_type" ON ("auth_permission"."content_type_id" = "django_content_type"."id") WHERE "auth_permission"."content_type_id" IN (1) ORDER BY "django_content_type"."app_label" ASC, "django_content_type"."model" ASC, 2 ASC; args=(1,); alias=default
2026-08-28 20:23:47,786 [DEBUG] (0.000) SELECT "django_content_type"."model" AS "model" FROM "django_content_type" WHERE "django_content_type"."app_label" = 'admin'; args=('admin',); alias=default
2026-08-28 20:23:47,787 [DEBUG] (0.000) SELECT "django_content_type"."model" AS "model" FROM "django_content_type" WHERE "django_content_type"."app_label" = 'auth'; args=('auth',); alias=default
2026-08-28 20:23:47,788 [DEBUG] (0.000) SELECT "django_content_type"."id", "django_content_type"."app_label", "django_content_type"."model" FROM "django_content_type" WHERE ("django_content_type"."app_label" = 'auth' AND "django_content_type"."model" IN ('user', 'permission', 'group')); args=('auth', 'user', 'permission', 'group'); alias=default
2026-08-28 20:23:47,790 [DEBUG] (0.000) SELECT "auth_permission"."content_type_id" AS "content_type", "auth_permission"."codename" AS "codename" FROM "auth_permission" INNER JOIN "django_content_type" ON ("auth_permission"."content_type_id" = "django_content_type"."id") WHERE "auth_permission"."content_type_id" IN (2, 3, 4) ORDER BY "django_content_type"."app_label" ASC, "django_content_type"."model" ASC, 2 ASC; args=(2, 3, 4); alias=default
2026-08-28 20:23:47,791 [DEBUG] (0.000) SELECT "django_content_type"."model" AS "model" FROM "django_content_type" WHERE "django_content_type"."app_label" = 'auth'; args=('auth',); alias=default
2026-08-28 20:23:47,792 [DEBUG] (0.000) SELECT "django_content_type"."model" AS "model" FROM "django_content_type" WHERE "django_content_type"."app_label" = 'contenttypes'; args=('contenttypes',); alias=default
2026-08-28 20:23:47,793 [DEBUG] (0.000) SELECT "django_content_type"."id", "django_content_type"."app_label", "django_content_type"."model" FROM "django_content_type" WHERE ("django_content_type"."app_label" = 'contenttypes' AND "django_content_type"."model" IN ('contenttype')); args=('contenttypes', 'contenttype'); alias=default
2026-08-28 20:23:47,794 [DEBUG] (0.000) SELECT "auth_permission"."content_type_id" AS "content_type", "auth_permission"."codename" AS "codename" FROM "auth_permission" INNER JOIN "django_content_type" ON ("auth_permission"."content_type_id" = "django_content_type"."id") WHERE "auth_permission"."content_type_id" IN (5) ORDER BY "django_content_type"."app_label" ASC, "django_content_type"."model" ASC, 2 ASC; args=(5,); alias=default
2026-08-28 20:23:47,795 [DEBUG] (0.000) SELECT "django_content_type"."model" AS "model" FROM "django_content_type" WHERE "django_content_type"."app_label" = 'contenttypes'; args=('contenttypes',); alias=default
2026-08-28 20:23:47,796 [DEBUG] (0.000) SELECT "django_content_type"."model" AS "model" FROM "django_content_type" WHERE "django_content_type"."app_label" = 'sessions'; args=('sessions',); alias=default
2026-08-28 20:23:47,797 [DEBUG] (0.000) SELECT "django_content_type"."id", "django_content_type"."app_label", "django_content_type"."model" FROM "django_content_type" WHERE ("django_content_type"."app_label" = 'sessions' AND "django_content_type"."model" IN ('session')); args=('sessions', 'session'); alias=default
2026-08-28 20:23:47,798 [DEBUG] (0.000) SELECT "auth_permission"."content_type_id" AS "content_type", "auth_permission"."codename" AS "codename" FROM "auth_permission" INNER JOIN "django_content_type" ON ("auth_permission"."content_type_id" = "django_content_type"."id") WHERE "auth_permission"."content_type_id" IN (6) ORDER BY "django_content_type"."app_label" ASC, "django_content_type"."model" ASC, 2 ASC; args=(6,); alias=default
2026-08-28 20:23:47,798 [DEBUG] (0.000) SELECT "django_content_type"."model" AS "model" FROM "django_content_type" WHERE "django_content_type"."app_label" = 'sessions'; args=('sessions',); alias=default
2026-08-28 20:23:47,799 [DEBUG] (0.000) SELECT "django_content_type"."model" AS "model" FROM "django_content_type" WHERE "django_content_type"."app_label" = 'apps'; args=('apps',); alias=default
2026-08-28 20:23:47,800 [DEBUG] (0.000) SELECT "django_content_type"."id", "django_content_type"."app_label", "django_content_type"."model" FROM "django_content_type" WHERE ("django_content_type"."app_label" = 'apps' AND "django_content_type"."model" IN ('category', 'subtask', 'task')); args=('apps', 'category', 'subtask', 'task'); alias=default
2026-08-28 20:23:47,801 [DEBUG] (0.000) SELECT "auth_permission"."content_type_id" AS "content_type", "auth_permission"."codename" AS "codename" FROM "auth_permission" INNER JOIN "django_content_type" ON ("auth_permission"."content_type_id" = "django_content_type"."id") WHERE "auth_permission"."content_type_id" IN (8, 9, 7) ORDER BY "django_content_type"."app_label" ASC, "django_content_type"."model" ASC, 2 ASC; args=(8, 9, 7); alias=default
2026-08-28 20:23:47,801 [DEBUG] (0.000) SELECT "django_content_type"."model" AS "model" FROM "django_content_type" WHERE "django_content_type"."app_label" = 'apps'; args=('apps',); alias=default
2026-08-28 20:23:56,529 [DEBUG] (0.000) 
            SELECT name, type FROM sqlite_master
            WHERE type in ('table', 'view') AND NOT name='sqlite_sequence'
            ORDER BY name; args=None; alias=default
2026-08-28 20:23:56,532 [DEBUG] (0.000) SELECT "django_migrations"."id", "django_migrations"."app", "django_migrations"."name", "django_migrations"."applied" FROM "django_migrations"; args=(); alias=default
2026-08-28 20:24:11,185 [DEBUG] (0.001) SELECT "task_manager_task"."id", "task_manager_task"."title", "task_manager_task"."description", "task_manager_task"."status", "task_manager_task"."deadline", "task_manager_task"."created_at" FROM "task_manager_task" ORDER BY "task_manager_task"."created_at" ASC LIMIT 6; args=(); alias=default
2026-08-28 20:24:16,847 [DEBUG] (0.000) SELECT "task_manager_task"."id", "task_manager_task"."title", "task_manager_task"."description", "task_manager_task"."status", "task_manager_task"."deadline", "task_manager_task"."created_at" FROM "task_manager_task" ORDER BY "task_manager_task"."created_at" ASC LIMIT 6; args=(); alias=default
2026-08-28 20:24:18,487 [DEBUG] (0.001) SELECT "task_manager_category"."id", "task_manager_category"."name", "task_manager_category"."is_deleted", "task_manager_category"."deleted_at", "task_manager_category"."created_at" FROM "task_manager_category" WHERE "task_manager_category"."is_deleted" = 0 ORDER BY "task_manager_category"."created_at" DESC LIMIT 6; args=(False,); alias=default
2026-08-28 20:25:27,284 [DEBUG] (0.000) 
            SELECT name, type FROM sqlite_master
            WHERE type in ('table', 'view') AND NOT name='sqlite_sequence'
            ORDER BY name; args=None; alias=default
2026-08-28 20:25:27,288 [DEBUG] (0.000) SELECT "django_migrations"."id", "django_migrations"."app", "django_migrations"."name", "django_migrations"."applied" FROM "django_migrations"; args=(); alias=default
2026-08-28 20:27:31,529 [DEBUG] (0.000) 
            SELECT name, type FROM sqlite_master
            WHERE type in ('table', 'view') AND NOT name='sqlite_sequence'
            ORDER BY name; args=None; alias=default
2026-08-28 20:27:31,532 [DEBUG] (0.000) SELECT "django_migrations"."id", "django_migrations"."app", "django_migrations"."name", "django_migrations"."applied" FROM "django_migrations"; args=(); alias=default
2026-08-28 20:28:28,041 [DEBUG] (0.000) 
            SELECT name, type FROM sqlite_master
            WHERE type in ('table', 'view') AND NOT name='sqlite_sequence'
            ORDER BY name; args=None; alias=default
2026-08-28 20:28:28,046 [DEBUG] (0.001) SELECT "django_migrations"."id", "django_migrations"."app", "django_migrations"."name", "django_migrations"."applied" FROM "django_migrations"; args=(); alias=default
2026-08-28 20:28:36,974 [DEBUG] (0.001) SELECT "task_manager_task"."id", "task_manager_task"."title", "task_manager_task"."description", "task_manager_task"."status", "task_manager_task"."deadline", "task_manager_task"."created_at" FROM "task_manager_task" ORDER BY "task_manager_task"."created_at" ASC LIMIT 6; args=(); alias=default
2026-08-28 20:28:43,556 [DEBUG] (0.001) SELECT "task_manager_task"."id", "task_manager_task"."title", "task_manager_task"."description", "task_manager_task"."status", "task_manager_task"."deadline", "task_manager_task"."created_at" FROM "task_manager_task" ORDER BY "task_manager_task"."created_at" ASC LIMIT 6; args=(); alias=default
2026-08-28 20:28:44,850 [DEBUG] (0.001) SELECT "task_manager_category"."id", "task_manager_category"."name", "task_manager_category"."is_deleted", "task_manager_category"."deleted_at", "task_manager_category"."created_at" FROM "task_manager_category" WHERE "task_manager_category"."is_deleted" = 0 ORDER BY "task_manager_category"."created_at" DESC LIMIT 6; args=(False,); alias=default
2026-08-28 20:29:21,221 [DEBUG] (0.001) SELECT "task_manager_task"."id", "task_manager_task"."title", "task_manager_task"."description", "task_manager_task"."status", "task_manager_task"."deadline", "task_manager_task"."created_at" FROM "task_manager_task" ORDER BY "task_manager_task"."created_at" ASC LIMIT 6; args=(); alias=default
2026-08-28 20:29:58,375 [DEBUG] (0.000) 
            SELECT name, type FROM sqlite_master
            WHERE type in ('table', 'view') AND NOT name='sqlite_sequence'
            ORDER BY name; args=None; alias=default
2026-08-28 20:29:58,379 [DEBUG] (0.000) SELECT "django_migrations"."id", "django_migrations"."app", "django_migrations"."name", "django_migrations"."applied" FROM "django_migrations"; args=(); alias=default
2026-08-28 20:29:58,447 [DEBUG] (0.000) SELECT "task_manager_task"."id", "task_manager_task"."title", "task_manager_task"."description", "task_manager_task"."status", "task_manager_task"."deadline", "task_manager_task"."created_at" FROM "task_manager_task" ORDER BY "task_manager_task"."created_at" ASC LIMIT 6; args=(); alias=default
2026-08-28 20:30:00,737 [DEBUG] (0.001) SELECT "task_manager_task"."id", "task_manager_task"."title", "task_manager_task"."description", "task_manager_task"."status", "task_manager_task"."deadline", "task_manager_task"."created_at" FROM "task_manager_task" ORDER BY "task_manager_task"."created_at" ASC LIMIT 6; args=(); alias=default
2026-08-28 20:30:34,772 [DEBUG] (0.000) 
            SELECT name, type FROM sqlite_master
            WHERE type in ('table', 'view') AND NOT name='sqlite_sequence'
            ORDER BY name; args=None; alias=default
2026-08-28 20:30:34,776 [DEBUG] (0.000) SELECT "django_migrations"."id", "django_migrations"."app", "django_migrations"."name", "django_migrations"."applied" FROM "django_migrations"; args=(); alias=default
2026-08-28 20:31:17,662 [DEBUG] (0.000) 
            SELECT name, type FROM sqlite_master
            WHERE type in ('table', 'view') AND NOT name='sqlite_sequence'
            ORDER BY name; args=None; alias=default
2026-08-28 20:31:17,667 [DEBUG] (0.000) SELECT "django_migrations"."id", "django_migrations"."app", "django_migrations"."name", "django_migrations"."applied" FROM "django_migrations"; args=(); alias=default
2026-08-28 20:34:28,457 [DEBUG] (0.000) SELECT "auth_user"."id", "auth_user"."password", "auth_user"."last_login", "auth_user"."is_superuser", "auth_user"."username", "auth_user"."first_name", "auth_user"."last_name", "auth_user"."email", "auth_user"."is_staff", "auth_user"."is_active", "auth_user"."date_joined" FROM "auth_user" WHERE "auth_user"."username" = 'admin' LIMIT 21; args=('admin',); alias=default
2026-08-28 20:34:34,371 [DEBUG] (0.000) SELECT "auth_user"."id", "auth_user"."password", "auth_user"."last_login", "auth_user"."is_superuser", "auth_user"."username", "auth_user"."first_name", "auth_user"."last_name", "auth_user"."email", "auth_user"."is_staff", "auth_user"."is_active", "auth_user"."date_joined" FROM "auth_user" WHERE "auth_user"."username" = 'admin' LIMIT 21; args=('admin',); alias=default
2026-08-28 20:34:41,699 [DEBUG] (0.001) SELECT "auth_user"."id", "auth_user"."password", "auth_user"."last_login", "auth_user"."is_superuser", "auth_user"."username", "auth_user"."first_name", "auth_user"."last_name", "auth_user"."email", "auth_user"."is_staff", "auth_user"."is_active", "auth_user"."date_joined" FROM "auth_user" WHERE "auth_user"."username" = 'admin' LIMIT 21; args=('admin',); alias=default
2026-08-28 20:35:07,620 [DEBUG] (0.000) 
            SELECT name, type FROM sqlite_master
            WHERE type in ('table', 'view') AND NOT name='sqlite_sequence'
            ORDER BY name; args=None; alias=default
2026-08-28 20:35:07,623 [DEBUG] (0.000) SELECT "django_migrations"."id", "django_migrations"."app", "django_migrations"."name", "django_migrations"."applied" FROM "django_migrations"; args=(); alias=default
2026-08-28 20:35:07,631 [DEBUG] (0.001) SELECT "auth_user"."id", "auth_user"."password", "auth_user"."last_login", "auth_user"."is_superuser", "auth_user"."username", "auth_user"."first_name", "auth_user"."last_name", "auth_user"."email", "auth_user"."is_staff", "auth_user"."is_active", "auth_user"."date_joined" FROM "auth_user" WHERE "auth_user"."username" = 'ich' LIMIT 21; args=('ich',); alias=default
2026-08-28 20:35:15,714 [DEBUG] (0.002) SELECT "auth_user"."id", "auth_user"."password", "auth_user"."last_login", "auth_user"."is_superuser", "auth_user"."username", "auth_user"."first_name", "auth_user"."last_name", "auth_user"."email", "auth_user"."is_staff", "auth_user"."is_active", "auth_user"."date_joined" FROM "auth_user" WHERE "auth_user"."username" = 'admin' LIMIT 21; args=('admin',); alias=default
2026-08-28 20:35:28,649 [DEBUG] (0.031) INSERT INTO "auth_user" ("password", "last_login", "is_superuser", "username", "first_name", "last_name", "email", "is_staff", "is_active", "date_joined") VALUES ('pbkdf2_sha256$1500000$AyPKNXCNmGQ1tGAa1v9i0p$skH0vPhxjgjZS0vuEJ4U3LyQURN6BLl9NXI/1l8sLKE=', NULL, 1, 'admin', '', '', '', 1, 1, '2026-08-28 18:35:27.177318') RETURNING "auth_user"."id"; args=('pbkdf2_sha256$1500000$AyPKNXCNmGQ1tGAa1v9i0p$skH0vPhxjgjZS0vuEJ4U3LyQURN6BLl9NXI/1l8sLKE=', None, True, 'admin', '', '', '', True, True, '2026-08-28 18:35:27.177318'); alias=default
2026-08-28 20:35:36,465 [DEBUG] (0.000) 
            SELECT name, type FROM sqlite_master
            WHERE type in ('table', 'view') AND NOT name='sqlite_sequence'
            ORDER BY name; args=None; alias=default
2026-08-28 20:35:36,468 [DEBUG] (0.000) SELECT "django_migrations"."id", "django_migrations"."app", "django_migrations"."name", "django_migrations"."applied" FROM "django_migrations"; args=(); alias=default
2026-08-28 20:35:50,315 [DEBUG] (0.000) SELECT "auth_user"."id", "auth_user"."password", "auth_user"."last_login", "auth_user"."is_superuser", "auth_user"."username", "auth_user"."first_name", "auth_user"."last_name", "auth_user"."email", "auth_user"."is_staff", "auth_user"."is_active", "auth_user"."date_joined" FROM "auth_user" WHERE "auth_user"."username" = 'admin' LIMIT 21; args=('admin',); alias=default
2026-08-28 20:35:53,759 [DEBUG] (0.001) SELECT 1 AS "a" FROM "django_session" WHERE "django_session"."session_key" = 'l9jtvzd87yrhhpzzrvre3d9j11o1m508' LIMIT 1; args=(1, 'l9jtvzd87yrhhpzzrvre3d9j11o1m508'); alias=default
2026-08-28 20:35:53,761 [DEBUG] (0.000) BEGIN; args=None; alias=default
2026-08-28 20:35:53,794 [DEBUG] (0.032) INSERT INTO "django_session" ("session_key", "session_data", "expire_date") VALUES ('l9jtvzd87yrhhpzzrvre3d9j11o1m508', 'e30:1x01Qf:dN6IGSwc8X_Z5nHIn2CvH9Ni01gy2u6S15kyvnhZWUM', '2026-09-11 18:35:53.760891'); args=('l9jtvzd87yrhhpzzrvre3d9j11o1m508', 'e30:1x01Qf:dN6IGSwc8X_Z5nHIn2CvH9Ni01gy2u6S15kyvnhZWUM', '2026-09-11 18:35:53.760891'); alias=default
2026-08-28 20:35:53,803 [DEBUG] (0.009) COMMIT; args=None; alias=default
2026-08-28 20:35:53,816 [DEBUG] (0.011) UPDATE "auth_user" SET "last_login" = '2026-08-28 18:35:53.804216' WHERE "auth_user"."id" = 1; args=('2026-08-28 18:35:53.804216', 1); alias=default
2026-08-28 20:35:53,818 [DEBUG] (0.000) BEGIN; args=None; alias=default
2026-08-28 20:35:53,823 [DEBUG] (0.004) UPDATE "django_session" SET "session_data" = '.eJxVjMsKwjAQAP9lzxI2r03p0bvfELJ5mKok0LQn8d-l0INeZ4Z5gw_7Vv0-8uqXBDNIuPwyDvGZ2yHSI7R7F7G3bV1YHIk47RC3nvLrerZ_gxpGhRkKYiQqaIN2bK1NiEk7lsowKtITMmpHTkYig-SKmShRYYlsIylp4fMFtKI2Zg:1x01Qf:_GGCwcY0K3QU662NZfjj4ox0PxDo2bzCxsjLcI1HOQs', "expire_date" = '2026-09-11 18:35:53.818319' WHERE "django_session"."session_key" = 'l9jtvzd87yrhhpzzrvre3d9j11o1m508'; args=('.eJxVjMsKwjAQAP9lzxI2r03p0bvfELJ5mKok0LQn8d-l0INeZ4Z5gw_7Vv0-8uqXBDNIuPwyDvGZ2yHSI7R7F7G3bV1YHIk47RC3nvLrerZ_gxpGhRkKYiQqaIN2bK1NiEk7lsowKtITMmpHTkYig-SKmShRYYlsIylp4fMFtKI2Zg:1x01Qf:_GGCwcY0K3QU662NZfjj4ox0PxDo2bzCxsjLcI1HOQs', '2026-09-11 18:35:53.818319', 'l9jtvzd87yrhhpzzrvre3d9j11o1m508'); alias=default
2026-08-28 20:35:53,830 [DEBUG] (0.006) COMMIT; args=None; alias=default
2026-08-28 20:35:53,840 [DEBUG] (0.000) SELECT "django_session"."session_key", "django_session"."session_data", "django_session"."expire_date" FROM "django_session" WHERE ("django_session"."expire_date" > '2026-08-28 18:35:53.837286' AND "django_session"."session_key" = 'l9jtvzd87yrhhpzzrvre3d9j11o1m508') LIMIT 21; args=('2026-08-28 18:35:53.837286', 'l9jtvzd87yrhhpzzrvre3d9j11o1m508'); alias=default
2026-08-28 20:35:53,843 [DEBUG] (0.001) SELECT "auth_user"."id", "auth_user"."password", "auth_user"."last_login", "auth_user"."is_superuser", "auth_user"."username", "auth_user"."first_name", "auth_user"."last_name", "auth_user"."email", "auth_user"."is_staff", "auth_user"."is_active", "auth_user"."date_joined" FROM "auth_user" WHERE "auth_user"."id" = 1 LIMIT 21; args=(1,); alias=default
2026-08-28 20:35:53,922 [DEBUG] (0.001) SELECT "django_admin_log"."id", "django_admin_log"."action_time", "django_admin_log"."user_id", "django_admin_log"."content_type_id", "django_admin_log"."object_id", "django_admin_log"."object_repr", "django_admin_log"."action_flag", "django_admin_log"."change_message", "auth_user"."id", "auth_user"."password", "auth_user"."last_login", "auth_user"."is_superuser", "auth_user"."username", "auth_user"."first_name", "auth_user"."last_name", "auth_user"."email", "auth_user"."is_staff", "auth_user"."is_active", "auth_user"."date_joined", "django_content_type"."id", "django_content_type"."app_label", "django_content_type"."model" FROM "django_admin_log" INNER JOIN "auth_user" ON ("django_admin_log"."user_id" = "auth_user"."id") LEFT OUTER JOIN "django_content_type" ON ("django_admin_log"."content_type_id" = "django_content_type"."id") WHERE "django_admin_log"."user_id" = 1 ORDER BY "django_admin_log"."action_time" DESC LIMIT 10; args=(1,); alias=default
2026-08-28 20:37:10,792 [DEBUG] (0.000) 
            SELECT name, type FROM sqlite_master
            WHERE type in ('table', 'view') AND NOT name='sqlite_sequence'
            ORDER BY name; args=None; alias=default
2026-08-28 20:37:10,796 [DEBUG] (0.001) SELECT "django_migrations"."id", "django_migrations"."app", "django_migrations"."name", "django_migrations"."applied" FROM "django_migrations"; args=(); alias=default
2026-08-28 20:37:38,343 [DEBUG] (0.000) 
            SELECT name, type FROM sqlite_master
            WHERE type in ('table', 'view') AND NOT name='sqlite_sequence'
            ORDER BY name; args=None; alias=default
2026-08-28 20:37:38,346 [DEBUG] (0.000) SELECT "django_migrations"."id", "django_migrations"."app", "django_migrations"."name", "django_migrations"."applied" FROM "django_migrations"; args=(); alias=default
2026-08-28 20:46:12,820 [DEBUG] (0.000) 
            SELECT name, type FROM sqlite_master
            WHERE type in ('table', 'view') AND NOT name='sqlite_sequence'
            ORDER BY name; args=None; alias=default
2026-08-28 20:46:12,824 [DEBUG] (0.000) SELECT "django_migrations"."id", "django_migrations"."app", "django_migrations"."name", "django_migrations"."applied" FROM "django_migrations"; args=(); alias=default
2026-08-28 20:46:27,194 [DEBUG] (0.000) SELECT "task_manager_task"."id", "task_manager_task"."title", "task_manager_task"."description", "task_manager_task"."status", "task_manager_task"."deadline", "task_manager_task"."created_at" FROM "task_manager_task" ORDER BY "task_manager_task"."created_at" ASC LIMIT 6; args=(); alias=default
2026-08-28 20:46:29,931 [DEBUG] (0.000) SELECT "task_manager_task"."id", "task_manager_task"."title", "task_manager_task"."description", "task_manager_task"."status", "task_manager_task"."deadline", "task_manager_task"."created_at" FROM "task_manager_task" ORDER BY "task_manager_task"."created_at" ASC LIMIT 6; args=(); alias=default
2026-08-28 20:46:31,032 [DEBUG] (0.001) SELECT "task_manager_category"."id", "task_manager_category"."name", "task_manager_category"."is_deleted", "task_manager_category"."deleted_at", "task_manager_category"."created_at" FROM "task_manager_category" WHERE "task_manager_category"."is_deleted" = 0 ORDER BY "task_manager_category"."created_at" DESC LIMIT 6; args=(False,); alias=default
2026-08-28 20:47:54,151 [DEBUG] (0.000) 
            SELECT name, type FROM sqlite_master
            WHERE type in ('table', 'view') AND NOT name='sqlite_sequence'
            ORDER BY name; args=None; alias=default
2026-08-28 20:47:54,155 [DEBUG] (0.001) SELECT "django_migrations"."id", "django_migrations"."app", "django_migrations"."name", "django_migrations"."applied" FROM "django_migrations"; args=(); alias=default
2026-08-28 20:47:54,156 [DEBUG] (0.000) 
            SELECT name, type FROM sqlite_master
            WHERE type in ('table', 'view') AND NOT name='sqlite_sequence'
            ORDER BY name; args=None; alias=default
2026-08-28 20:47:54,156 [DEBUG] (0.000) SELECT "django_migrations"."id", "django_migrations"."app", "django_migrations"."name", "django_migrations"."applied" FROM "django_migrations"; args=(); alias=default
2026-08-28 20:47:54,166 [DEBUG] (0.000) 
            SELECT name, type FROM sqlite_master
            WHERE type in ('table', 'view') AND NOT name='sqlite_sequence'
            ORDER BY name; args=None; alias=default
2026-08-28 20:47:54,166 [DEBUG] (0.000) PRAGMA foreign_keys = OFF; args=None; alias=default
2026-08-28 20:47:54,166 [DEBUG] (0.000) PRAGMA foreign_keys; args=None; alias=default
2026-08-28 20:47:54,167 [DEBUG] (0.000) BEGIN; args=None; alias=default
2026-08-28 20:47:54,173 [DEBUG] CREATE TABLE "authtoken_token" ("key" varchar(40) NOT NULL PRIMARY KEY, "created" datetime NOT NULL, "user_id" integer NOT NULL UNIQUE REFERENCES "auth_user" ("id") DEFERRABLE INITIALLY DEFERRED); (params None)
2026-08-28 20:47:54,202 [DEBUG] (0.029) CREATE TABLE "authtoken_token" ("key" varchar(40) NOT NULL PRIMARY KEY, "created" datetime NOT NULL, "user_id" integer NOT NULL UNIQUE REFERENCES "auth_user" ("id") DEFERRABLE INITIALLY DEFERRED); args=None; alias=default
2026-08-28 20:47:54,203 [DEBUG] (0.000) INSERT INTO "django_migrations" ("app", "name", "applied") VALUES ('authtoken', '0001_initial', '2026-08-28 18:47:54.202658') RETURNING "django_migrations"."id"; args=('authtoken', '0001_initial', '2026-08-28 18:47:54.202658'); alias=default
2026-08-28 20:47:54,203 [DEBUG] (0.000) PRAGMA foreign_key_check; args=None; alias=default
2026-08-28 20:47:54,209 [DEBUG] (0.006) COMMIT; args=None; alias=default
2026-08-28 20:47:54,209 [DEBUG] (0.000) PRAGMA foreign_keys = ON; args=None; alias=default
2026-08-28 20:47:54,210 [DEBUG] (0.000) PRAGMA foreign_keys = OFF; args=None; alias=default
2026-08-28 20:47:54,210 [DEBUG] (0.000) PRAGMA foreign_keys; args=None; alias=default
2026-08-28 20:47:54,210 [DEBUG] (0.000) BEGIN; args=None; alias=default
2026-08-28 20:47:54,238 [DEBUG] (0.002) INSERT INTO "django_migrations" ("app", "name", "applied") VALUES ('authtoken', '0002_auto_20160226_1747', '2026-08-28 18:47:54.236081') RETURNING "django_migrations"."id"; args=('authtoken', '0002_auto_20160226_1747', '2026-08-28 18:47:54.236081'); alias=default
2026-08-28 20:47:54,238 [DEBUG] (0.000) PRAGMA foreign_key_check; args=None; alias=default
2026-08-28 20:47:54,243 [DEBUG] (0.004) COMMIT; args=None; alias=default
2026-08-28 20:47:54,243 [DEBUG] (0.000) PRAGMA foreign_keys = ON; args=None; alias=default
2026-08-28 20:47:54,243 [DEBUG] (0.000) PRAGMA foreign_keys = OFF; args=None; alias=default
2026-08-28 20:47:54,243 [DEBUG] (0.000) PRAGMA foreign_keys; args=None; alias=default
2026-08-28 20:47:54,243 [DEBUG] (0.000) BEGIN; args=None; alias=default
2026-08-28 20:47:54,246 [DEBUG] (0.001) INSERT INTO "django_migrations" ("app", "name", "applied") VALUES ('authtoken', '0003_tokenproxy', '2026-08-28 18:47:54.244812') RETURNING "django_migrations"."id"; args=('authtoken', '0003_tokenproxy', '2026-08-28 18:47:54.244812'); alias=default
2026-08-28 20:47:54,246 [DEBUG] (0.000) PRAGMA foreign_key_check; args=None; alias=default
2026-08-28 20:47:54,251 [DEBUG] (0.005) COMMIT; args=None; alias=default
2026-08-28 20:47:54,251 [DEBUG] (0.000) PRAGMA foreign_keys = ON; args=None; alias=default
2026-08-28 20:47:54,252 [DEBUG] (0.000) PRAGMA foreign_keys = OFF; args=None; alias=default
2026-08-28 20:47:54,252 [DEBUG] (0.000) PRAGMA foreign_keys; args=None; alias=default
2026-08-28 20:47:54,252 [DEBUG] (0.000) BEGIN; args=None; alias=default
2026-08-28 20:47:54,257 [DEBUG] (0.002) INSERT INTO "django_migrations" ("app", "name", "applied") VALUES ('authtoken', '0004_alter_tokenproxy_options', '2026-08-28 18:47:54.255418') RETURNING "django_migrations"."id"; args=('authtoken', '0004_alter_tokenproxy_options', '2026-08-28 18:47:54.255418'); alias=default
2026-08-28 20:47:54,257 [DEBUG] (0.000) PRAGMA foreign_key_check; args=None; alias=default
2026-08-28 20:47:54,263 [DEBUG] (0.006) COMMIT; args=None; alias=default
2026-08-28 20:47:54,264 [DEBUG] (0.000) PRAGMA foreign_keys = ON; args=None; alias=default
2026-08-28 20:47:54,264 [DEBUG] (0.000) SELECT "django_migrations"."id", "django_migrations"."app", "django_migrations"."name", "django_migrations"."applied" FROM "django_migrations"; args=(); alias=default
2026-08-28 20:47:54,277 [DEBUG] (0.000) SELECT "django_content_type"."model" AS "model" FROM "django_content_type" WHERE "django_content_type"."app_label" = 'admin'; args=('admin',); alias=default
2026-08-28 20:47:54,278 [DEBUG] (0.000) SELECT "django_content_type"."id", "django_content_type"."app_label", "django_content_type"."model" FROM "django_content_type" WHERE ("django_content_type"."app_label" = 'admin' AND "django_content_type"."model" IN ('logentry')); args=('admin', 'logentry'); alias=default
2026-08-28 20:47:54,280 [DEBUG] (0.000) SELECT "auth_permission"."content_type_id" AS "content_type", "auth_permission"."codename" AS "codename" FROM "auth_permission" INNER JOIN "django_content_type" ON ("auth_permission"."content_type_id" = "django_content_type"."id") WHERE "auth_permission"."content_type_id" IN (1) ORDER BY "django_content_type"."app_label" ASC, "django_content_type"."model" ASC, 2 ASC; args=(1,); alias=default
2026-08-28 20:47:54,280 [DEBUG] (0.000) SELECT "django_content_type"."model" AS "model" FROM "django_content_type" WHERE "django_content_type"."app_label" = 'admin'; args=('admin',); alias=default
2026-08-28 20:47:54,281 [DEBUG] (0.000) SELECT "django_content_type"."model" AS "model" FROM "django_content_type" WHERE "django_content_type"."app_label" = 'auth'; args=('auth',); alias=default
2026-08-28 20:47:54,282 [DEBUG] (0.000) SELECT "django_content_type"."id", "django_content_type"."app_label", "django_content_type"."model" FROM "django_content_type" WHERE ("django_content_type"."app_label" = 'auth' AND "django_content_type"."model" IN ('permission', 'user', 'group')); args=('auth', 'permission', 'user', 'group'); alias=default
2026-08-28 20:47:54,284 [DEBUG] (0.000) SELECT "auth_permission"."content_type_id" AS "content_type", "auth_permission"."codename" AS "codename" FROM "auth_permission" INNER JOIN "django_content_type" ON ("auth_permission"."content_type_id" = "django_content_type"."id") WHERE "auth_permission"."content_type_id" IN (2, 3, 4) ORDER BY "django_content_type"."app_label" ASC, "django_content_type"."model" ASC, 2 ASC; args=(2, 3, 4); alias=default
2026-08-28 20:47:54,285 [DEBUG] (0.000) SELECT "django_content_type"."model" AS "model" FROM "django_content_type" WHERE "django_content_type"."app_label" = 'auth'; args=('auth',); alias=default
2026-08-28 20:47:54,286 [DEBUG] (0.000) SELECT "django_content_type"."model" AS "model" FROM "django_content_type" WHERE "django_content_type"."app_label" = 'contenttypes'; args=('contenttypes',); alias=default
2026-08-28 20:47:54,287 [DEBUG] (0.000) SELECT "django_content_type"."id", "django_content_type"."app_label", "django_content_type"."model" FROM "django_content_type" WHERE ("django_content_type"."app_label" = 'contenttypes' AND "django_content_type"."model" IN ('contenttype')); args=('contenttypes', 'contenttype'); alias=default
2026-08-28 20:47:54,288 [DEBUG] (0.000) SELECT "auth_permission"."content_type_id" AS "content_type", "auth_permission"."codename" AS "codename" FROM "auth_permission" INNER JOIN "django_content_type" ON ("auth_permission"."content_type_id" = "django_content_type"."id") WHERE "auth_permission"."content_type_id" IN (5) ORDER BY "django_content_type"."app_label" ASC, "django_content_type"."model" ASC, 2 ASC; args=(5,); alias=default
2026-08-28 20:47:54,289 [DEBUG] (0.000) SELECT "django_content_type"."model" AS "model" FROM "django_content_type" WHERE "django_content_type"."app_label" = 'contenttypes'; args=('contenttypes',); alias=default
2026-08-28 20:47:54,290 [DEBUG] (0.000) SELECT "django_content_type"."model" AS "model" FROM "django_content_type" WHERE "django_content_type"."app_label" = 'sessions'; args=('sessions',); alias=default
2026-08-28 20:47:54,291 [DEBUG] (0.000) SELECT "django_content_type"."id", "django_content_type"."app_label", "django_content_type"."model" FROM "django_content_type" WHERE ("django_content_type"."app_label" = 'sessions' AND "django_content_type"."model" IN ('session')); args=('sessions', 'session'); alias=default
2026-08-28 20:47:54,292 [DEBUG] (0.000) SELECT "auth_permission"."content_type_id" AS "content_type", "auth_permission"."codename" AS "codename" FROM "auth_permission" INNER JOIN "django_content_type" ON ("auth_permission"."content_type_id" = "django_content_type"."id") WHERE "auth_permission"."content_type_id" IN (6) ORDER BY "django_content_type"."app_label" ASC, "django_content_type"."model" ASC, 2 ASC; args=(6,); alias=default
2026-08-28 20:47:54,292 [DEBUG] (0.000) SELECT "django_content_type"."model" AS "model" FROM "django_content_type" WHERE "django_content_type"."app_label" = 'sessions'; args=('sessions',); alias=default
2026-08-28 20:47:54,293 [DEBUG] (0.000) SELECT "django_content_type"."model" AS "model" FROM "django_content_type" WHERE "django_content_type"."app_label" = 'authtoken'; args=('authtoken',); alias=default
2026-08-28 20:47:54,296 [DEBUG] (0.003) INSERT INTO "django_content_type" ("app_label", "model") VALUES ('authtoken', 'token'), ('authtoken', 'tokenproxy') RETURNING "django_content_type"."id"; args=('authtoken', 'token', 'authtoken', 'tokenproxy'); alias=default
2026-08-28 20:47:54,303 [DEBUG] (0.000) SELECT "django_content_type"."id", "django_content_type"."app_label", "django_content_type"."model" FROM "django_content_type" WHERE ("django_content_type"."app_label" = 'authtoken' AND "django_content_type"."model" IN ('token', 'tokenproxy')); args=('authtoken', 'token', 'tokenproxy'); alias=default
2026-08-28 20:47:54,304 [DEBUG] (0.000) SELECT "auth_permission"."content_type_id" AS "content_type", "auth_permission"."codename" AS "codename" FROM "auth_permission" INNER JOIN "django_content_type" ON ("auth_permission"."content_type_id" = "django_content_type"."id") WHERE "auth_permission"."content_type_id" IN (10, 11) ORDER BY "django_content_type"."app_label" ASC, "django_content_type"."model" ASC, 2 ASC; args=(10, 11); alias=default
2026-08-28 20:47:54,308 [DEBUG] (0.003) INSERT INTO "auth_permission" ("name", "content_type_id", "codename") VALUES ('Can add Token', 10, 'add_token'), ('Can change Token', 10, 'change_token'), ('Can delete Token', 10, 'delete_token'), ('Can view Token', 10, 'view_token'), ('Can add Token', 11, 'add_tokenproxy'), ('Can change Token', 11, 'change_tokenproxy'), ('Can delete Token', 11, 'delete_tokenproxy'), ('Can view Token', 11, 'view_tokenproxy') RETURNING "auth_permission"."id"; args=('Can add Token', 10, 'add_token', 'Can change Token', 10, 'change_token', 'Can delete Token', 10, 'delete_token', 'Can view Token', 10, 'view_token', 'Can add Token', 11, 'add_tokenproxy', 'Can change Token', 11, 'change_tokenproxy', 'Can delete Token', 11, 'delete_tokenproxy', 'Can view Token', 11, 'view_tokenproxy'); alias=default
2026-08-28 20:47:54,316 [DEBUG] (0.000) SELECT "django_content_type"."model" AS "model" FROM "django_content_type" WHERE "django_content_type"."app_label" = 'authtoken'; args=('authtoken',); alias=default
2026-08-28 20:47:54,317 [DEBUG] (0.000) SELECT "django_content_type"."model" AS "model" FROM "django_content_type" WHERE "django_content_type"."app_label" = 'apps'; args=('apps',); alias=default
2026-08-28 20:47:54,318 [DEBUG] (0.000) SELECT "django_content_type"."id", "django_content_type"."app_label", "django_content_type"."model" FROM "django_content_type" WHERE ("django_content_type"."app_label" = 'apps' AND "django_content_type"."model" IN ('category', 'subtask', 'task')); args=('apps', 'category', 'subtask', 'task'); alias=default
2026-08-28 20:47:54,319 [DEBUG] (0.000) SELECT "auth_permission"."content_type_id" AS "content_type", "auth_permission"."codename" AS "codename" FROM "auth_permission" INNER JOIN "django_content_type" ON ("auth_permission"."content_type_id" = "django_content_type"."id") WHERE "auth_permission"."content_type_id" IN (8, 9, 7) ORDER BY "django_content_type"."app_label" ASC, "django_content_type"."model" ASC, 2 ASC; args=(8, 9, 7); alias=default
2026-08-28 20:47:54,320 [DEBUG] (0.000) SELECT "django_content_type"."model" AS "model" FROM "django_content_type" WHERE "django_content_type"."app_label" = 'apps'; args=('apps',); alias=default
2026-08-28 20:47:58,931 [DEBUG] (0.000) 
            SELECT name, type FROM sqlite_master
            WHERE type in ('table', 'view') AND NOT name='sqlite_sequence'
            ORDER BY name; args=None; alias=default
2026-08-28 20:47:58,935 [DEBUG] (0.000) SELECT "django_migrations"."id", "django_migrations"."app", "django_migrations"."name", "django_migrations"."applied" FROM "django_migrations"; args=(); alias=default
2026-08-28 20:48:02,178 [DEBUG] (0.003) SELECT "task_manager_category"."id", "task_manager_category"."name", "task_manager_category"."is_deleted", "task_manager_category"."deleted_at", "task_manager_category"."created_at" FROM "task_manager_category" WHERE "task_manager_category"."is_deleted" = 0 ORDER BY "task_manager_category"."created_at" DESC LIMIT 6; args=(False,); alias=default
2026-08-28 20:49:58,624 [DEBUG] (0.000) 
            SELECT name, type FROM sqlite_master
            WHERE type in ('table', 'view') AND NOT name='sqlite_sequence'
            ORDER BY name; args=None; alias=default
2026-08-28 20:49:58,629 [DEBUG] (0.000) SELECT "django_migrations"."id", "django_migrations"."app", "django_migrations"."name", "django_migrations"."applied" FROM "django_migrations"; args=(); alias=default
2026-08-28 20:50:40,186 [DEBUG] (0.000) SELECT "auth_user"."id", "auth_user"."password", "auth_user"."last_login", "auth_user"."is_superuser", "auth_user"."username", "auth_user"."first_name", "auth_user"."last_name", "auth_user"."email", "auth_user"."is_staff", "auth_user"."is_active", "auth_user"."date_joined" FROM "auth_user" WHERE "auth_user"."username" = 'admin' LIMIT 21; args=('admin',); alias=default
2026-08-28 21:00:31,520 [DEBUG] (0.000) SELECT "task_manager_category"."id", "task_manager_category"."name", "task_manager_category"."is_deleted", "task_manager_category"."deleted_at", "task_manager_category"."created_at" FROM "task_manager_category" WHERE "task_manager_category"."is_deleted" = 0 ORDER BY "task_manager_category"."created_at" DESC LIMIT 6; args=(False,); alias=default
2026-08-28 21:00:33,261 [DEBUG] (0.001) SELECT "task_manager_category"."id", "task_manager_category"."name", "task_manager_category"."is_deleted", "task_manager_category"."deleted_at", "task_manager_category"."created_at" FROM "task_manager_category" WHERE "task_manager_category"."is_deleted" = 0 ORDER BY "task_manager_category"."created_at" DESC LIMIT 6; args=(False,); alias=default
2026-08-28 21:00:35,234 [DEBUG] (0.001) SELECT "task_manager_category"."id", "task_manager_category"."name", "task_manager_category"."is_deleted", "task_manager_category"."deleted_at", "task_manager_category"."created_at" FROM "task_manager_category" WHERE "task_manager_category"."is_deleted" = 0 ORDER BY "task_manager_category"."created_at" DESC LIMIT 6; args=(False,); alias=default
2026-08-28 21:03:19,093 [DEBUG] (0.000) 
            SELECT name, type FROM sqlite_master
            WHERE type in ('table', 'view') AND NOT name='sqlite_sequence'
            ORDER BY name; args=None; alias=default
2026-08-28 21:03:19,096 [DEBUG] (0.000) SELECT "django_migrations"."id", "django_migrations"."app", "django_migrations"."name", "django_migrations"."applied" FROM "django_migrations"; args=(); alias=default
2026-08-28 21:06:01,844 [DEBUG] (0.000) SELECT "task_manager_category"."id", "task_manager_category"."name", "task_manager_category"."is_deleted", "task_manager_category"."deleted_at", "task_manager_category"."created_at" FROM "task_manager_category" WHERE "task_manager_category"."is_deleted" = 0 ORDER BY "task_manager_category"."created_at" DESC LIMIT 6; args=(False,); alias=default
2026-08-28 21:06:14,277 [DEBUG] (0.000) SELECT "task_manager_task"."id", "task_manager_task"."title", "task_manager_task"."description", "task_manager_task"."status", "task_manager_task"."deadline", "task_manager_task"."created_at" FROM "task_manager_task" ORDER BY "task_manager_task"."created_at" ASC LIMIT 6; args=(); alias=default
2026-08-28 21:07:26,442 [DEBUG] (0.001) SELECT "task_manager_task"."id", "task_manager_task"."title", "task_manager_task"."description", "task_manager_task"."status", "task_manager_task"."deadline", "task_manager_task"."created_at" FROM "task_manager_task" ORDER BY "task_manager_task"."created_at" ASC LIMIT 6; args=(); alias=default
2026-08-28 21:12:04,534 [DEBUG] (0.000) 
            SELECT name, type FROM sqlite_master
            WHERE type in ('table', 'view') AND NOT name='sqlite_sequence'
            ORDER BY name; args=None; alias=default
2026-08-28 21:12:04,538 [DEBUG] (0.000) SELECT "django_migrations"."id", "django_migrations"."app", "django_migrations"."name", "django_migrations"."applied" FROM "django_migrations"; args=(); alias=default
2026-08-28 22:16:06,121 [DEBUG] (0.000) SELECT "auth_user"."id", "auth_user"."password", "auth_user"."last_login", "auth_user"."is_superuser", "auth_user"."username", "auth_user"."first_name", "auth_user"."last_name", "auth_user"."email", "auth_user"."is_staff", "auth_user"."is_active", "auth_user"."date_joined" FROM "auth_user" WHERE "auth_user"."username" = 'admin' LIMIT 21; args=('admin',); alias=default
2026-08-28 22:31:03,284 [DEBUG] (0.001) 
            SELECT name, type FROM sqlite_master
            WHERE type in ('table', 'view') AND NOT name='sqlite_sequence'
            ORDER BY name; args=None; alias=default
2026-08-28 22:31:03,295 [DEBUG] (0.001) SELECT "django_migrations"."id", "django_migrations"."app", "django_migrations"."name", "django_migrations"."applied" FROM "django_migrations"; args=(); alias=default
2026-08-28 22:31:13,708 [DEBUG] (0.001) SELECT "auth_user"."id", "auth_user"."password", "auth_user"."last_login", "auth_user"."is_superuser", "auth_user"."username", "auth_user"."first_name", "auth_user"."last_name", "auth_user"."email", "auth_user"."is_staff", "auth_user"."is_active", "auth_user"."date_joined" FROM "auth_user" WHERE "auth_user"."username" = 'admin' LIMIT 21; args=('admin',); alias=default
2026-08-28 22:32:20,817 [DEBUG] (0.000) SELECT "auth_user"."id", "auth_user"."password", "auth_user"."last_login", "auth_user"."is_superuser", "auth_user"."username", "auth_user"."first_name", "auth_user"."last_name", "auth_user"."email", "auth_user"."is_staff", "auth_user"."is_active", "auth_user"."date_joined" FROM "auth_user" WHERE "auth_user"."id" = 1 LIMIT 21; args=(1,); alias=default
2026-08-28 22:32:20,829 [DEBUG] (0.007) SELECT "task_manager_task"."id", "task_manager_task"."title", "task_manager_task"."description", "task_manager_task"."status", "task_manager_task"."deadline", "task_manager_task"."created_at" FROM "task_manager_task" ORDER BY "task_manager_task"."created_at" ASC LIMIT 6; args=(); alias=default
2026-08-28 22:45:31,037 [DEBUG] (0.000) SELECT "auth_user"."id", "auth_user"."password", "auth_user"."last_login", "auth_user"."is_superuser", "auth_user"."username", "auth_user"."first_name", "auth_user"."last_name", "auth_user"."email", "auth_user"."is_staff", "auth_user"."is_active", "auth_user"."date_joined" FROM "auth_user" WHERE "auth_user"."username" = 'admin' LIMIT 21; args=('admin',); alias=default
2026-08-28 22:46:16,472 [DEBUG] (0.000) SELECT "auth_user"."id", "auth_user"."password", "auth_user"."last_login", "auth_user"."is_superuser", "auth_user"."username", "auth_user"."first_name", "auth_user"."last_name", "auth_user"."email", "auth_user"."is_staff", "auth_user"."is_active", "auth_user"."date_joined" FROM "auth_user" WHERE "auth_user"."id" = 1 LIMIT 21; args=(1,); alias=default
2026-08-28 22:46:16,474 [DEBUG] (0.000) SELECT "task_manager_task"."id", "task_manager_task"."title", "task_manager_task"."description", "task_manager_task"."status", "task_manager_task"."deadline", "task_manager_task"."created_at" FROM "task_manager_task" ORDER BY "task_manager_task"."created_at" ASC LIMIT 6; args=(); alias=default
2026-08-28 22:46:34,498 [DEBUG] (0.000) SELECT "auth_user"."id", "auth_user"."password", "auth_user"."last_login", "auth_user"."is_superuser", "auth_user"."username", "auth_user"."first_name", "auth_user"."last_name", "auth_user"."email", "auth_user"."is_staff", "auth_user"."is_active", "auth_user"."date_joined" FROM "auth_user" WHERE "auth_user"."id" = 1 LIMIT 21; args=(1,); alias=default
2026-08-28 22:46:34,499 [DEBUG] (0.000) SELECT "task_manager_category"."id", "task_manager_category"."name", "task_manager_category"."is_deleted", "task_manager_category"."deleted_at", "task_manager_category"."created_at" FROM "task_manager_category" WHERE "task_manager_category"."is_deleted" = 0 ORDER BY "task_manager_category"."created_at" DESC LIMIT 6; args=(False,); alias=default
2026-08-28 22:47:42,913 [DEBUG] (0.000) SELECT "auth_user"."id", "auth_user"."password", "auth_user"."last_login", "auth_user"."is_superuser", "auth_user"."username", "auth_user"."first_name", "auth_user"."last_name", "auth_user"."email", "auth_user"."is_staff", "auth_user"."is_active", "auth_user"."date_joined" FROM "auth_user" WHERE "auth_user"."id" = 1 LIMIT 21; args=(1,); alias=default
2026-08-28 22:47:54,411 [DEBUG] (0.000) SELECT "auth_user"."id", "auth_user"."password", "auth_user"."last_login", "auth_user"."is_superuser", "auth_user"."username", "auth_user"."first_name", "auth_user"."last_name", "auth_user"."email", "auth_user"."is_staff", "auth_user"."is_active", "auth_user"."date_joined" FROM "auth_user" WHERE "auth_user"."id" = 1 LIMIT 21; args=(1,); alias=default
2026-08-28 22:49:10,185 [DEBUG] (0.000) SELECT "auth_user"."id", "auth_user"."password", "auth_user"."last_login", "auth_user"."is_superuser", "auth_user"."username", "auth_user"."first_name", "auth_user"."last_name", "auth_user"."email", "auth_user"."is_staff", "auth_user"."is_active", "auth_user"."date_joined" FROM "auth_user" WHERE "auth_user"."id" = 1 LIMIT 21; args=(1,); alias=default
2026-08-28 22:49:10,186 [DEBUG] (0.000) SELECT "task_manager_category"."id", "task_manager_category"."name", "task_manager_category"."is_deleted", "task_manager_category"."deleted_at", "task_manager_category"."created_at" FROM "task_manager_category" WHERE "task_manager_category"."is_deleted" = 0 ORDER BY "task_manager_category"."created_at" DESC LIMIT 6; args=(False,); alias=default
2026-08-28 22:54:11,012 [DEBUG] (0.000) SELECT "auth_user"."id", "auth_user"."password", "auth_user"."last_login", "auth_user"."is_superuser", "auth_user"."username", "auth_user"."first_name", "auth_user"."last_name", "auth_user"."email", "auth_user"."is_staff", "auth_user"."is_active", "auth_user"."date_joined" FROM "auth_user" WHERE "auth_user"."id" = 1 LIMIT 21; args=(1,); alias=default
2026-08-28 22:55:04,160 [DEBUG] (0.000) SELECT "auth_user"."id", "auth_user"."password", "auth_user"."last_login", "auth_user"."is_superuser", "auth_user"."username", "auth_user"."first_name", "auth_user"."last_name", "auth_user"."email", "auth_user"."is_staff", "auth_user"."is_active", "auth_user"."date_joined" FROM "auth_user" WHERE "auth_user"."id" = 1 LIMIT 21; args=(1,); alias=default
2026-08-28 22:55:04,161 [DEBUG] (0.000) SELECT "task_manager_category"."id", "task_manager_category"."name", "task_manager_category"."is_deleted", "task_manager_category"."deleted_at", "task_manager_category"."created_at" FROM "task_manager_category" WHERE "task_manager_category"."is_deleted" = 0 ORDER BY "task_manager_category"."created_at" DESC LIMIT 6; args=(False,); alias=default
2026-08-28 22:56:03,933 [DEBUG] (0.000) SELECT "auth_user"."id", "auth_user"."password", "auth_user"."last_login", "auth_user"."is_superuser", "auth_user"."username", "auth_user"."first_name", "auth_user"."last_name", "auth_user"."email", "auth_user"."is_staff", "auth_user"."is_active", "auth_user"."date_joined" FROM "auth_user" WHERE "auth_user"."id" = 1 LIMIT 21; args=(1,); alias=default
2026-08-28 22:56:03,935 [DEBUG] (0.001) SELECT 1 AS "a" FROM "task_manager_category" WHERE ("task_manager_category"."is_deleted" = 0 AND "task_manager_category"."name" = 'cat 56') LIMIT 1; args=(1, False, 'cat 56'); alias=default
2026-08-28 22:56:03,936 [DEBUG] (0.000) SELECT 1 AS "a" FROM "task_manager_category" WHERE ("task_manager_category"."is_deleted" = 0 AND "task_manager_category"."name" = 'cat 56') LIMIT 1; args=(1, False, 'cat 56'); alias=default
2026-08-28 22:56:03,943 [DEBUG] (0.006) INSERT INTO "task_manager_category" ("id", "name", "is_deleted", "deleted_at", "created_at") VALUES ('a146f8a5b0a946e1b9cdec2ff187bef6', 'cat 56', 0, NULL, '2026-08-28 20:56:03.936963'); args=('a146f8a5b0a946e1b9cdec2ff187bef6', 'cat 56', False, None, '2026-08-28 20:56:03.936963'); alias=default
2026-08-28 22:57:01,130 [DEBUG] (0.000) SELECT "auth_user"."id", "auth_user"."password", "auth_user"."last_login", "auth_user"."is_superuser", "auth_user"."username", "auth_user"."first_name", "auth_user"."last_name", "auth_user"."email", "auth_user"."is_staff", "auth_user"."is_active", "auth_user"."date_joined" FROM "auth_user" WHERE "auth_user"."id" = 1 LIMIT 21; args=(1,); alias=default
2026-08-28 22:57:10,478 [DEBUG] (0.000) SELECT "auth_user"."id", "auth_user"."password", "auth_user"."last_login", "auth_user"."is_superuser", "auth_user"."username", "auth_user"."first_name", "auth_user"."last_name", "auth_user"."email", "auth_user"."is_staff", "auth_user"."is_active", "auth_user"."date_joined" FROM "auth_user" WHERE "auth_user"."id" = 1 LIMIT 21; args=(1,); alias=default
2026-08-29 13:34:22,558 [DEBUG] (0.000) 
            SELECT name, type FROM sqlite_master
            WHERE type in ('table', 'view') AND NOT name='sqlite_sequence'
            ORDER BY name; args=None; alias=default
2026-08-29 13:34:22,562 [DEBUG] (0.000) SELECT "django_migrations"."id", "django_migrations"."app", "django_migrations"."name", "django_migrations"."applied" FROM "django_migrations"; args=(); alias=default
2026-08-29 13:34:34,802 [DEBUG] (0.000) 
            SELECT name, type FROM sqlite_master
            WHERE type in ('table', 'view') AND NOT name='sqlite_sequence'
            ORDER BY name; args=None; alias=default
2026-08-29 13:34:34,805 [DEBUG] (0.000) SELECT "django_migrations"."id", "django_migrations"."app", "django_migrations"."name", "django_migrations"."applied" FROM "django_migrations"; args=(); alias=default
2026-08-29 13:34:34,805 [DEBUG] (0.000) 
            SELECT name, type FROM sqlite_master
            WHERE type in ('table', 'view') AND NOT name='sqlite_sequence'
            ORDER BY name; args=None; alias=default
2026-08-29 13:34:34,806 [DEBUG] (0.000) SELECT "django_migrations"."id", "django_migrations"."app", "django_migrations"."name", "django_migrations"."applied" FROM "django_migrations"; args=(); alias=default
2026-08-29 13:34:34,818 [DEBUG] (0.000) 
            SELECT name, type FROM sqlite_master
            WHERE type in ('table', 'view') AND NOT name='sqlite_sequence'
            ORDER BY name; args=None; alias=default
2026-08-29 13:34:34,819 [DEBUG] (0.000) PRAGMA foreign_keys = OFF; args=None; alias=default
2026-08-29 13:34:34,819 [DEBUG] (0.000) PRAGMA foreign_keys; args=None; alias=default
2026-08-29 13:34:34,819 [DEBUG] (0.000) BEGIN; args=None; alias=default
2026-08-29 13:34:34,830 [DEBUG] CREATE TABLE "new__task_manager_subtask" ("id" char(32) NOT NULL PRIMARY KEY, "title" varchar(200) NOT NULL, "description" text NOT NULL, "status" varchar(20) NOT NULL, "deadline" datetime NOT NULL, "created_at" datetime NOT NULL, "task_id" char(32) NOT NULL REFERENCES "task_manager_task" ("id") DEFERRABLE INITIALLY DEFERRED, "owner_id" integer NOT NULL REFERENCES "auth_user" ("id") DEFERRABLE INITIALLY DEFERRED, CONSTRAINT "unique_subtask_title" UNIQUE ("title")); (params None)
2026-08-29 13:34:34,833 [DEBUG] (0.003) CREATE TABLE "new__task_manager_subtask" ("id" char(32) NOT NULL PRIMARY KEY, "title" varchar(200) NOT NULL, "description" text NOT NULL, "status" varchar(20) NOT NULL, "deadline" datetime NOT NULL, "created_at" datetime NOT NULL, "task_id" char(32) NOT NULL REFERENCES "task_manager_task" ("id") DEFERRABLE INITIALLY DEFERRED, "owner_id" integer NOT NULL REFERENCES "auth_user" ("id") DEFERRABLE INITIALLY DEFERRED, CONSTRAINT "unique_subtask_title" UNIQUE ("title")); args=None; alias=default
2026-08-29 13:34:34,833 [DEBUG] INSERT INTO "new__task_manager_subtask" ("id", "title", "description", "status", "deadline", "created_at", "task_id", "owner_id") SELECT "id", "title", "description", "status", "deadline", "created_at", "task_id", 4 FROM "task_manager_subtask"; (params ())
2026-08-29 13:34:34,833 [DEBUG] (0.000) INSERT INTO "new__task_manager_subtask" ("id", "title", "description", "status", "deadline", "created_at", "task_id", "owner_id") SELECT "id", "title", "description", "status", "deadline", "created_at", "task_id", 4 FROM "task_manager_subtask"; args=(); alias=default
2026-08-29 13:34:34,834 [DEBUG] DROP TABLE "task_manager_subtask"; (params ())
2026-08-29 13:34:34,834 [DEBUG] (0.000) DROP TABLE "task_manager_subtask"; args=(); alias=default
2026-08-29 13:34:34,834 [DEBUG] ALTER TABLE "new__task_manager_subtask" RENAME TO "task_manager_subtask"; (params ())
2026-08-29 13:34:34,835 [DEBUG] (0.001) ALTER TABLE "new__task_manager_subtask" RENAME TO "task_manager_subtask"; args=(); alias=default
2026-08-29 13:34:34,836 [DEBUG] CREATE INDEX "task_manager_subtask_task_id_95d6e401" ON "task_manager_subtask" ("task_id"); (params ())
2026-08-29 13:34:34,836 [DEBUG] (0.000) CREATE INDEX "task_manager_subtask_task_id_95d6e401" ON "task_manager_subtask" ("task_id"); args=(); alias=default
2026-08-29 13:34:34,836 [DEBUG] CREATE INDEX "task_manager_subtask_owner_id_49dc8d25" ON "task_manager_subtask" ("owner_id"); (params ())
2026-08-29 13:34:34,837 [DEBUG] (0.000) CREATE INDEX "task_manager_subtask_owner_id_49dc8d25" ON "task_manager_subtask" ("owner_id"); args=(); alias=default
2026-08-29 13:34:34,848 [DEBUG] CREATE TABLE "new__task_manager_task" ("id" char(32) NOT NULL PRIMARY KEY, "title" varchar(200) NOT NULL, "description" text NOT NULL, "status" varchar(20) NOT NULL, "deadline" datetime NOT NULL, "created_at" datetime NOT NULL, "owner_id" integer NOT NULL REFERENCES "auth_user" ("id") DEFERRABLE INITIALLY DEFERRED, CONSTRAINT "unique_task_title_deadline" UNIQUE ("title", "deadline")); (params None)
2026-08-29 13:34:34,849 [DEBUG] (0.000) CREATE TABLE "new__task_manager_task" ("id" char(32) NOT NULL PRIMARY KEY, "title" varchar(200) NOT NULL, "description" text NOT NULL, "status" varchar(20) NOT NULL, "deadline" datetime NOT NULL, "created_at" datetime NOT NULL, "owner_id" integer NOT NULL REFERENCES "auth_user" ("id") DEFERRABLE INITIALLY DEFERRED, CONSTRAINT "unique_task_title_deadline" UNIQUE ("title", "deadline")); args=None; alias=default
2026-08-29 13:34:34,849 [DEBUG] INSERT INTO "new__task_manager_task" ("id", "title", "description", "status", "deadline", "created_at", "owner_id") SELECT "id", "title", "description", "status", "deadline", "created_at", 5 FROM "task_manager_task"; (params ())
2026-08-29 13:34:34,849 [DEBUG] (0.000) INSERT INTO "new__task_manager_task" ("id", "title", "description", "status", "deadline", "created_at", "owner_id") SELECT "id", "title", "description", "status", "deadline", "created_at", 5 FROM "task_manager_task"; args=(); alias=default
2026-08-29 13:34:34,849 [DEBUG] DROP TABLE "task_manager_task"; (params ())
2026-08-29 13:34:34,850 [DEBUG] (0.000) DROP TABLE "task_manager_task"; args=(); alias=default
2026-08-29 13:34:34,850 [DEBUG] ALTER TABLE "new__task_manager_task" RENAME TO "task_manager_task"; (params ())
2026-08-29 13:34:34,851 [DEBUG] (0.001) ALTER TABLE "new__task_manager_task" RENAME TO "task_manager_task"; args=(); alias=default
2026-08-29 13:34:34,851 [DEBUG] CREATE INDEX "task_manager_task_owner_id_848c5118" ON "task_manager_task" ("owner_id"); (params ())
2026-08-29 13:34:34,851 [DEBUG] (0.000) CREATE INDEX "task_manager_task_owner_id_848c5118" ON "task_manager_task" ("owner_id"); args=(); alias=default
2026-08-29 13:34:34,852 [DEBUG] (0.000) INSERT INTO "django_migrations" ("app", "name", "applied") VALUES ('apps', '0006_subtask_owner_task_owner', '2026-08-29 11:34:34.851876') RETURNING "django_migrations"."id"; args=('apps', '0006_subtask_owner_task_owner', '2026-08-29 11:34:34.851876'); alias=default
2026-08-29 13:34:34,852 [DEBUG] (0.000) PRAGMA foreign_key_check; args=None; alias=default
2026-08-29 13:34:34,852 [DEBUG] (0.000) PRAGMA foreign_key_list("task_manager_subtask"); args=None; alias=default
2026-08-29 13:34:34,852 [DEBUG] (0.000) PRAGMA table_info("task_manager_subtask"); args=None; alias=default
2026-08-29 13:34:34,853 [DEBUG] (0.000) SELECT "id", "owner_id" FROM "task_manager_subtask" WHERE rowid = 1; args=(1,); alias=default
2026-08-29 13:38:39,965 [DEBUG] (0.000) SELECT "auth_user"."id" AS "id", "auth_user"."username" AS "username" FROM "auth_user"; args=(); alias=default
2026-08-29 13:42:06,483 [DEBUG] (0.000) 
            SELECT name, type FROM sqlite_master
            WHERE type in ('table', 'view') AND NOT name='sqlite_sequence'
            ORDER BY name; args=None; alias=default
2026-08-29 13:42:06,485 [DEBUG] (0.000) SELECT "django_migrations"."id", "django_migrations"."app", "django_migrations"."name", "django_migrations"."applied" FROM "django_migrations"; args=(); alias=default
2026-08-29 13:42:06,486 [DEBUG] (0.000) 
            SELECT name, type FROM sqlite_master
            WHERE type in ('table', 'view') AND NOT name='sqlite_sequence'
            ORDER BY name; args=None; alias=default
2026-08-29 13:42:06,487 [DEBUG] (0.000) SELECT "django_migrations"."id", "django_migrations"."app", "django_migrations"."name", "django_migrations"."applied" FROM "django_migrations"; args=(); alias=default
2026-08-29 13:42:06,498 [DEBUG] (0.000) 
            SELECT name, type FROM sqlite_master
            WHERE type in ('table', 'view') AND NOT name='sqlite_sequence'
            ORDER BY name; args=None; alias=default
2026-08-29 13:42:06,498 [DEBUG] (0.000) PRAGMA foreign_keys = OFF; args=None; alias=default
2026-08-29 13:42:06,498 [DEBUG] (0.000) PRAGMA foreign_keys; args=None; alias=default
2026-08-29 13:42:06,498 [DEBUG] (0.000) BEGIN; args=None; alias=default
2026-08-29 13:42:06,507 [DEBUG] CREATE TABLE "new__task_manager_subtask" ("id" char(32) NOT NULL PRIMARY KEY, "title" varchar(200) NOT NULL, "description" text NOT NULL, "status" varchar(20) NOT NULL, "deadline" datetime NOT NULL, "created_at" datetime NOT NULL, "task_id" char(32) NOT NULL REFERENCES "task_manager_task" ("id") DEFERRABLE INITIALLY DEFERRED, "owner_id" integer NOT NULL REFERENCES "auth_user" ("id") DEFERRABLE INITIALLY DEFERRED, CONSTRAINT "unique_subtask_title" UNIQUE ("title")); (params None)
2026-08-29 13:42:06,512 [DEBUG] (0.005) CREATE TABLE "new__task_manager_subtask" ("id" char(32) NOT NULL PRIMARY KEY, "title" varchar(200) NOT NULL, "description" text NOT NULL, "status" varchar(20) NOT NULL, "deadline" datetime NOT NULL, "created_at" datetime NOT NULL, "task_id" char(32) NOT NULL REFERENCES "task_manager_task" ("id") DEFERRABLE INITIALLY DEFERRED, "owner_id" integer NOT NULL REFERENCES "auth_user" ("id") DEFERRABLE INITIALLY DEFERRED, CONSTRAINT "unique_subtask_title" UNIQUE ("title")); args=None; alias=default
2026-08-29 13:42:06,512 [DEBUG] INSERT INTO "new__task_manager_subtask" ("id", "title", "description", "status", "deadline", "created_at", "task_id", "owner_id") SELECT "id", "title", "description", "status", "deadline", "created_at", "task_id", 1 FROM "task_manager_subtask"; (params ())
2026-08-29 13:42:06,513 [DEBUG] (0.000) INSERT INTO "new__task_manager_subtask" ("id", "title", "description", "status", "deadline", "created_at", "task_id", "owner_id") SELECT "id", "title", "description", "status", "deadline", "created_at", "task_id", 1 FROM "task_manager_subtask"; args=(); alias=default
2026-08-29 13:42:06,513 [DEBUG] DROP TABLE "task_manager_subtask"; (params ())
2026-08-29 13:42:06,513 [DEBUG] (0.000) DROP TABLE "task_manager_subtask"; args=(); alias=default
2026-08-29 13:42:06,513 [DEBUG] ALTER TABLE "new__task_manager_subtask" RENAME TO "task_manager_subtask"; (params ())
2026-08-29 13:42:06,514 [DEBUG] (0.001) ALTER TABLE "new__task_manager_subtask" RENAME TO "task_manager_subtask"; args=(); alias=default
2026-08-29 13:42:06,514 [DEBUG] CREATE INDEX "task_manager_subtask_task_id_95d6e401" ON "task_manager_subtask" ("task_id"); (params ())
2026-08-29 13:42:06,515 [DEBUG] (0.000) CREATE INDEX "task_manager_subtask_task_id_95d6e401" ON "task_manager_subtask" ("task_id"); args=(); alias=default
2026-08-29 13:42:06,515 [DEBUG] CREATE INDEX "task_manager_subtask_owner_id_49dc8d25" ON "task_manager_subtask" ("owner_id"); (params ())
2026-08-29 13:42:06,515 [DEBUG] (0.000) CREATE INDEX "task_manager_subtask_owner_id_49dc8d25" ON "task_manager_subtask" ("owner_id"); args=(); alias=default
2026-08-29 13:42:06,524 [DEBUG] CREATE TABLE "new__task_manager_task" ("id" char(32) NOT NULL PRIMARY KEY, "title" varchar(200) NOT NULL, "description" text NOT NULL, "status" varchar(20) NOT NULL, "deadline" datetime NOT NULL, "created_at" datetime NOT NULL, "owner_id" integer NOT NULL REFERENCES "auth_user" ("id") DEFERRABLE INITIALLY DEFERRED, CONSTRAINT "unique_task_title_deadline" UNIQUE ("title", "deadline")); (params None)
2026-08-29 13:42:06,525 [DEBUG] (0.000) CREATE TABLE "new__task_manager_task" ("id" char(32) NOT NULL PRIMARY KEY, "title" varchar(200) NOT NULL, "description" text NOT NULL, "status" varchar(20) NOT NULL, "deadline" datetime NOT NULL, "created_at" datetime NOT NULL, "owner_id" integer NOT NULL REFERENCES "auth_user" ("id") DEFERRABLE INITIALLY DEFERRED, CONSTRAINT "unique_task_title_deadline" UNIQUE ("title", "deadline")); args=None; alias=default
2026-08-29 13:42:06,525 [DEBUG] INSERT INTO "new__task_manager_task" ("id", "title", "description", "status", "deadline", "created_at", "owner_id") SELECT "id", "title", "description", "status", "deadline", "created_at", 1 FROM "task_manager_task"; (params ())
2026-08-29 13:42:06,525 [DEBUG] (0.000) INSERT INTO "new__task_manager_task" ("id", "title", "description", "status", "deadline", "created_at", "owner_id") SELECT "id", "title", "description", "status", "deadline", "created_at", 1 FROM "task_manager_task"; args=(); alias=default
2026-08-29 13:42:06,525 [DEBUG] DROP TABLE "task_manager_task"; (params ())
2026-08-29 13:42:06,525 [DEBUG] (0.000) DROP TABLE "task_manager_task"; args=(); alias=default
2026-08-29 13:42:06,526 [DEBUG] ALTER TABLE "new__task_manager_task" RENAME TO "task_manager_task"; (params ())
2026-08-29 13:42:06,527 [DEBUG] (0.001) ALTER TABLE "new__task_manager_task" RENAME TO "task_manager_task"; args=(); alias=default
2026-08-29 13:42:06,527 [DEBUG] CREATE INDEX "task_manager_task_owner_id_848c5118" ON "task_manager_task" ("owner_id"); (params ())
2026-08-29 13:42:06,527 [DEBUG] (0.000) CREATE INDEX "task_manager_task_owner_id_848c5118" ON "task_manager_task" ("owner_id"); args=(); alias=default
2026-08-29 13:42:06,528 [DEBUG] (0.000) INSERT INTO "django_migrations" ("app", "name", "applied") VALUES ('apps', '0006_subtask_owner_task_owner', '2026-08-29 11:42:06.527677') RETURNING "django_migrations"."id"; args=('apps', '0006_subtask_owner_task_owner', '2026-08-29 11:42:06.527677'); alias=default
2026-08-29 13:42:06,528 [DEBUG] (0.000) PRAGMA foreign_key_check; args=None; alias=default
2026-08-29 13:42:06,535 [DEBUG] (0.007) COMMIT; args=None; alias=default
2026-08-29 13:42:06,535 [DEBUG] (0.000) PRAGMA foreign_keys = ON; args=None; alias=default
2026-08-29 13:42:06,536 [DEBUG] (0.000) SELECT "django_migrations"."id", "django_migrations"."app", "django_migrations"."name", "django_migrations"."applied" FROM "django_migrations"; args=(); alias=default
2026-08-29 13:42:06,537 [DEBUG] (0.000) SELECT "django_content_type"."model" AS "model" FROM "django_content_type" WHERE "django_content_type"."app_label" = 'admin'; args=('admin',); alias=default
2026-08-29 13:42:06,538 [DEBUG] (0.000) SELECT "django_content_type"."id", "django_content_type"."app_label", "django_content_type"."model" FROM "django_content_type" WHERE ("django_content_type"."app_label" = 'admin' AND "django_content_type"."model" IN ('logentry')); args=('admin', 'logentry'); alias=default
2026-08-29 13:42:06,539 [DEBUG] (0.000) SELECT "auth_permission"."content_type_id" AS "content_type", "auth_permission"."codename" AS "codename" FROM "auth_permission" INNER JOIN "django_content_type" ON ("auth_permission"."content_type_id" = "django_content_type"."id") WHERE "auth_permission"."content_type_id" IN (1) ORDER BY "django_content_type"."app_label" ASC, "django_content_type"."model" ASC, 2 ASC; args=(1,); alias=default
2026-08-29 13:42:06,540 [DEBUG] (0.000) SELECT "django_content_type"."model" AS "model" FROM "django_content_type" WHERE "django_content_type"."app_label" = 'admin'; args=('admin',); alias=default
2026-08-29 13:42:06,541 [DEBUG] (0.000) SELECT "django_content_type"."model" AS "model" FROM "django_content_type" WHERE "django_content_type"."app_label" = 'auth'; args=('auth',); alias=default
2026-08-29 13:42:06,541 [DEBUG] (0.000) SELECT "django_content_type"."id", "django_content_type"."app_label", "django_content_type"."model" FROM "django_content_type" WHERE ("django_content_type"."app_label" = 'auth' AND "django_content_type"."model" IN ('permission', 'group', 'user')); args=('auth', 'permission', 'group', 'user'); alias=default
2026-08-29 13:42:06,543 [DEBUG] (0.000) SELECT "auth_permission"."content_type_id" AS "content_type", "auth_permission"."codename" AS "codename" FROM "auth_permission" INNER JOIN "django_content_type" ON ("auth_permission"."content_type_id" = "django_content_type"."id") WHERE "auth_permission"."content_type_id" IN (2, 3, 4) ORDER BY "django_content_type"."app_label" ASC, "django_content_type"."model" ASC, 2 ASC; args=(2, 3, 4); alias=default
2026-08-29 13:42:06,544 [DEBUG] (0.000) SELECT "django_content_type"."model" AS "model" FROM "django_content_type" WHERE "django_content_type"."app_label" = 'auth'; args=('auth',); alias=default
2026-08-29 13:42:06,544 [DEBUG] (0.000) SELECT "django_content_type"."model" AS "model" FROM "django_content_type" WHERE "django_content_type"."app_label" = 'contenttypes'; args=('contenttypes',); alias=default
2026-08-29 13:42:06,546 [DEBUG] (0.000) SELECT "django_content_type"."id", "django_content_type"."app_label", "django_content_type"."model" FROM "django_content_type" WHERE ("django_content_type"."app_label" = 'contenttypes' AND "django_content_type"."model" IN ('contenttype')); args=('contenttypes', 'contenttype'); alias=default
2026-08-29 13:42:06,547 [DEBUG] (0.000) SELECT "auth_permission"."content_type_id" AS "content_type", "auth_permission"."codename" AS "codename" FROM "auth_permission" INNER JOIN "django_content_type" ON ("auth_permission"."content_type_id" = "django_content_type"."id") WHERE "auth_permission"."content_type_id" IN (5) ORDER BY "django_content_type"."app_label" ASC, "django_content_type"."model" ASC, 2 ASC; args=(5,); alias=default
2026-08-29 13:42:06,548 [DEBUG] (0.000) SELECT "django_content_type"."model" AS "model" FROM "django_content_type" WHERE "django_content_type"."app_label" = 'contenttypes'; args=('contenttypes',); alias=default
2026-08-29 13:42:06,548 [DEBUG] (0.000) SELECT "django_content_type"."model" AS "model" FROM "django_content_type" WHERE "django_content_type"."app_label" = 'sessions'; args=('sessions',); alias=default
2026-08-29 13:42:06,549 [DEBUG] (0.000) SELECT "django_content_type"."id", "django_content_type"."app_label", "django_content_type"."model" FROM "django_content_type" WHERE ("django_content_type"."app_label" = 'sessions' AND "django_content_type"."model" IN ('session')); args=('sessions', 'session'); alias=default
2026-08-29 13:42:06,550 [DEBUG] (0.000) SELECT "auth_permission"."content_type_id" AS "content_type", "auth_permission"."codename" AS "codename" FROM "auth_permission" INNER JOIN "django_content_type" ON ("auth_permission"."content_type_id" = "django_content_type"."id") WHERE "auth_permission"."content_type_id" IN (6) ORDER BY "django_content_type"."app_label" ASC, "django_content_type"."model" ASC, 2 ASC; args=(6,); alias=default
2026-08-29 13:42:06,550 [DEBUG] (0.000) SELECT "django_content_type"."model" AS "model" FROM "django_content_type" WHERE "django_content_type"."app_label" = 'sessions'; args=('sessions',); alias=default
2026-08-29 13:42:06,551 [DEBUG] (0.000) SELECT "django_content_type"."model" AS "model" FROM "django_content_type" WHERE "django_content_type"."app_label" = 'authtoken'; args=('authtoken',); alias=default
2026-08-29 13:42:06,552 [DEBUG] (0.000) SELECT "django_content_type"."id", "django_content_type"."app_label", "django_content_type"."model" FROM "django_content_type" WHERE ("django_content_type"."app_label" = 'authtoken' AND "django_content_type"."model" IN ('token', 'tokenproxy')); args=('authtoken', 'token', 'tokenproxy'); alias=default
2026-08-29 13:42:06,553 [DEBUG] (0.000) SELECT "auth_permission"."content_type_id" AS "content_type", "auth_permission"."codename" AS "codename" FROM "auth_permission" INNER JOIN "django_content_type" ON ("auth_permission"."content_type_id" = "django_content_type"."id") WHERE "auth_permission"."content_type_id" IN (10, 11) ORDER BY "django_content_type"."app_label" ASC, "django_content_type"."model" ASC, 2 ASC; args=(10, 11); alias=default
2026-08-29 13:42:06,553 [DEBUG] (0.000) SELECT "django_content_type"."model" AS "model" FROM "django_content_type" WHERE "django_content_type"."app_label" = 'authtoken'; args=('authtoken',); alias=default
2026-08-29 13:42:06,554 [DEBUG] (0.000) SELECT "django_content_type"."model" AS "model" FROM "django_content_type" WHERE "django_content_type"."app_label" = 'apps'; args=('apps',); alias=default
2026-08-29 13:42:06,554 [DEBUG] (0.000) SELECT "django_content_type"."id", "django_content_type"."app_label", "django_content_type"."model" FROM "django_content_type" WHERE ("django_content_type"."app_label" = 'apps' AND "django_content_type"."model" IN ('category', 'task', 'subtask')); args=('apps', 'category', 'task', 'subtask'); alias=default
2026-08-29 13:42:06,555 [DEBUG] (0.000) SELECT "auth_permission"."content_type_id" AS "content_type", "auth_permission"."codename" AS "codename" FROM "auth_permission" INNER JOIN "django_content_type" ON ("auth_permission"."content_type_id" = "django_content_type"."id") WHERE "auth_permission"."content_type_id" IN (8, 9, 7) ORDER BY "django_content_type"."app_label" ASC, "django_content_type"."model" ASC, 2 ASC; args=(8, 9, 7); alias=default
2026-08-29 13:42:06,556 [DEBUG] (0.000) SELECT "django_content_type"."model" AS "model" FROM "django_content_type" WHERE "django_content_type"."app_label" = 'apps'; args=('apps',); alias=default
2026-08-29 13:43:20,137 [DEBUG] (0.000) 
            SELECT name, type FROM sqlite_master
            WHERE type in ('table', 'view') AND NOT name='sqlite_sequence'
            ORDER BY name; args=None; alias=default
2026-08-29 13:43:20,141 [DEBUG] (0.000) SELECT "django_migrations"."id", "django_migrations"."app", "django_migrations"."name", "django_migrations"."applied" FROM "django_migrations"; args=(); alias=default
2026-08-29 13:43:24,919 [DEBUG] (0.000) SELECT "django_session"."session_key", "django_session"."session_data", "django_session"."expire_date" FROM "django_session" WHERE ("django_session"."expire_date" > '2026-08-29 11:43:24.915346' AND "django_session"."session_key" = 'l9jtvzd87yrhhpzzrvre3d9j11o1m508') LIMIT 21; args=('2026-08-29 11:43:24.915346', 'l9jtvzd87yrhhpzzrvre3d9j11o1m508'); alias=default
2026-08-29 13:43:24,924 [DEBUG] (0.000) SELECT "auth_user"."id", "auth_user"."password", "auth_user"."last_login", "auth_user"."is_superuser", "auth_user"."username", "auth_user"."first_name", "auth_user"."last_name", "auth_user"."email", "auth_user"."is_staff", "auth_user"."is_active", "auth_user"."date_joined" FROM "auth_user" WHERE "auth_user"."id" = 1 LIMIT 21; args=(1,); alias=default
2026-08-29 13:43:25,064 [DEBUG] (0.001) SELECT "django_admin_log"."id", "django_admin_log"."action_time", "django_admin_log"."user_id", "django_admin_log"."content_type_id", "django_admin_log"."object_id", "django_admin_log"."object_repr", "django_admin_log"."action_flag", "django_admin_log"."change_message", "auth_user"."id", "auth_user"."password", "auth_user"."last_login", "auth_user"."is_superuser", "auth_user"."username", "auth_user"."first_name", "auth_user"."last_name", "auth_user"."email", "auth_user"."is_staff", "auth_user"."is_active", "auth_user"."date_joined", "django_content_type"."id", "django_content_type"."app_label", "django_content_type"."model" FROM "django_admin_log" INNER JOIN "auth_user" ON ("django_admin_log"."user_id" = "auth_user"."id") LEFT OUTER JOIN "django_content_type" ON ("django_admin_log"."content_type_id" = "django_content_type"."id") WHERE "django_admin_log"."user_id" = 1 ORDER BY "django_admin_log"."action_time" DESC LIMIT 10; args=(1,); alias=default
2026-08-29 13:43:27,763 [DEBUG] (0.001) SELECT "django_session"."session_key", "django_session"."session_data", "django_session"."expire_date" FROM "django_session" WHERE ("django_session"."expire_date" > '2026-08-29 11:43:27.754094' AND "django_session"."session_key" = 'l9jtvzd87yrhhpzzrvre3d9j11o1m508') LIMIT 21; args=('2026-08-29 11:43:27.754094', 'l9jtvzd87yrhhpzzrvre3d9j11o1m508'); alias=default
2026-08-29 13:43:27,767 [DEBUG] (0.001) SELECT "auth_user"."id", "auth_user"."password", "auth_user"."last_login", "auth_user"."is_superuser", "auth_user"."username", "auth_user"."first_name", "auth_user"."last_name", "auth_user"."email", "auth_user"."is_staff", "auth_user"."is_active", "auth_user"."date_joined" FROM "auth_user" WHERE "auth_user"."id" = 1 LIMIT 21; args=(1,); alias=default
2026-08-29 13:43:27,772 [DEBUG] (0.001) SELECT "task_manager_category"."id", "task_manager_category"."name", "task_manager_category"."is_deleted", "task_manager_category"."deleted_at", "task_manager_category"."created_at" FROM "task_manager_category" WHERE "task_manager_category"."is_deleted" = 0; args=(False,); alias=default
2026-08-29 13:43:27,778 [DEBUG] (0.001) SELECT COUNT(*) AS "__count" FROM "task_manager_task"; args=(); alias=default
2026-08-29 13:43:27,780 [DEBUG] (0.000) SELECT COUNT(*) AS "__count" FROM "task_manager_task"; args=(); alias=default
2026-08-29 13:43:27,788 [DEBUG] (0.000) SELECT "task_manager_task"."id", "task_manager_task"."title", "task_manager_task"."description", "task_manager_task"."status", "task_manager_task"."deadline", "task_manager_task"."created_at", "task_manager_task"."owner_id" FROM "task_manager_task" ORDER BY "task_manager_task"."created_at" DESC, "task_manager_task"."id" DESC; args=(); alias=default
2026-08-29 13:43:28,050 [DEBUG] (0.002) SELECT "django_session"."session_key", "django_session"."session_data", "django_session"."expire_date" FROM "django_session" WHERE ("django_session"."expire_date" > '2026-08-29 11:43:28.043201' AND "django_session"."session_key" = 'l9jtvzd87yrhhpzzrvre3d9j11o1m508') LIMIT 21; args=('2026-08-29 11:43:28.043201', 'l9jtvzd87yrhhpzzrvre3d9j11o1m508'); alias=default
2026-08-29 13:43:28,057 [DEBUG] (0.002) SELECT "auth_user"."id", "auth_user"."password", "auth_user"."last_login", "auth_user"."is_superuser", "auth_user"."username", "auth_user"."first_name", "auth_user"."last_name", "auth_user"."email", "auth_user"."is_staff", "auth_user"."is_active", "auth_user"."date_joined" FROM "auth_user" WHERE "auth_user"."id" = 1 LIMIT 21; args=(1,); alias=default
2026-08-29 13:43:32,786 [DEBUG] (0.000) SELECT "django_session"."session_key", "django_session"."session_data", "django_session"."expire_date" FROM "django_session" WHERE ("django_session"."expire_date" > '2026-08-29 11:43:32.782782' AND "django_session"."session_key" = 'l9jtvzd87yrhhpzzrvre3d9j11o1m508') LIMIT 21; args=('2026-08-29 11:43:32.782782', 'l9jtvzd87yrhhpzzrvre3d9j11o1m508'); alias=default
2026-08-29 13:43:32,788 [DEBUG] (0.001) SELECT "auth_user"."id", "auth_user"."password", "auth_user"."last_login", "auth_user"."is_superuser", "auth_user"."username", "auth_user"."first_name", "auth_user"."last_name", "auth_user"."email", "auth_user"."is_staff", "auth_user"."is_active", "auth_user"."date_joined" FROM "auth_user" WHERE "auth_user"."id" = 1 LIMIT 21; args=(1,); alias=default
2026-08-29 13:43:32,803 [DEBUG] (0.001) SELECT "task_manager_subtask"."id", "task_manager_subtask"."title", "task_manager_subtask"."description", "task_manager_subtask"."task_id", "task_manager_subtask"."status", "task_manager_subtask"."deadline", "task_manager_subtask"."created_at", "task_manager_subtask"."owner_id" FROM "task_manager_subtask" WHERE "task_manager_subtask"."task_id" = 'bf6403e63521414687caf4686bfe0c5e' ORDER BY "task_manager_subtask"."created_at" DESC, "task_manager_subtask"."id" ASC; args=('bf6403e63521414687caf4686bfe0c5e',); alias=default
2026-08-29 13:43:32,811 [DEBUG] (0.000) SELECT "django_content_type"."id", "django_content_type"."app_label", "django_content_type"."model" FROM "django_content_type" WHERE ("django_content_type"."app_label" = 'apps' AND "django_content_type"."model" = 'task') LIMIT 21; args=('apps', 'task'); alias=default
2026-08-29 13:43:32,935 [DEBUG] (0.000) SELECT "task_manager_category"."id", "task_manager_category"."name", "task_manager_category"."is_deleted", "task_manager_category"."deleted_at", "task_manager_category"."created_at" FROM "task_manager_category" WHERE "task_manager_category"."is_deleted" = 0; args=(False,); alias=default
2026-08-29 13:43:32,975 [DEBUG] (0.001) SELECT "auth_user"."id", "auth_user"."password", "auth_user"."last_login", "auth_user"."is_superuser", "auth_user"."username", "auth_user"."first_name", "auth_user"."last_name", "auth_user"."email", "auth_user"."is_staff", "auth_user"."is_active", "auth_user"."date_joined" FROM "auth_user" ORDER BY "auth_user"."username" ASC; args=(); alias=default
2026-08-29 13:43:33,025 [DEBUG] (0.000) SELECT "auth_user"."id", "auth_user"."password", "auth_user"."last_login", "auth_user"."is_superuser", "auth_user"."username", "auth_user"."first_name", "auth_user"."last_name", "auth_user"."email", "auth_user"."is_staff", "auth_user"."is_active", "auth_user"."date_joined" FROM "auth_user" ORDER BY "auth_user"."username" ASC; args=(); alias=default
2026-08-29 13:43:33,031 [DEBUG] (0.000) SELECT "auth_user"."id", "auth_user"."password", "auth_user"."last_login", "auth_user"."is_superuser", "auth_user"."username", "auth_user"."first_name", "auth_user"."last_name", "auth_user"."email", "auth_user"."is_staff", "auth_user"."is_active", "auth_user"."date_joined" FROM "auth_user" ORDER BY "auth_user"."username" ASC; args=(); alias=default
2026-08-29 13:43:33,084 [DEBUG] (0.002) SELECT "django_session"."session_key", "django_session"."session_data", "django_session"."expire_date" FROM "django_session" WHERE ("django_session"."expire_date" > '2026-08-29 11:43:33.079108' AND "django_session"."session_key" = 'l9jtvzd87yrhhpzzrvre3d9j11o1m508') LIMIT 21; args=('2026-08-29 11:43:33.079108', 'l9jtvzd87yrhhpzzrvre3d9j11o1m508'); alias=default
2026-08-29 13:43:33,088 [DEBUG] (0.001) SELECT "auth_user"."id", "auth_user"."password", "auth_user"."last_login", "auth_user"."is_superuser", "auth_user"."username", "auth_user"."first_name", "auth_user"."last_name", "auth_user"."email", "auth_user"."is_staff", "auth_user"."is_active", "auth_user"."date_joined" FROM "auth_user" WHERE "auth_user"."id" = 1 LIMIT 21; args=(1,); alias=default
2026-08-29 13:43:47,675 [DEBUG] (0.000) SELECT "django_session"."session_key", "django_session"."session_data", "django_session"."expire_date" FROM "django_session" WHERE ("django_session"."expire_date" > '2026-08-29 11:43:47.672866' AND "django_session"."session_key" = 'l9jtvzd87yrhhpzzrvre3d9j11o1m508') LIMIT 21; args=('2026-08-29 11:43:47.672866', 'l9jtvzd87yrhhpzzrvre3d9j11o1m508'); alias=default
2026-08-29 13:43:47,676 [DEBUG] (0.000) SELECT "auth_user"."id", "auth_user"."password", "auth_user"."last_login", "auth_user"."is_superuser", "auth_user"."username", "auth_user"."first_name", "auth_user"."last_name", "auth_user"."email", "auth_user"."is_staff", "auth_user"."is_active", "auth_user"."date_joined" FROM "auth_user" WHERE "auth_user"."id" = 1 LIMIT 21; args=(1,); alias=default
2026-08-29 13:43:47,683 [DEBUG] (0.000) SELECT "django_content_type"."id", "django_content_type"."app_label", "django_content_type"."model" FROM "django_content_type" WHERE ("django_content_type"."app_label" = 'auth' AND "django_content_type"."model" = 'user') LIMIT 21; args=('auth', 'user'); alias=default
2026-08-29 13:43:47,837 [DEBUG] (0.000) SELECT "django_session"."session_key", "django_session"."session_data", "django_session"."expire_date" FROM "django_session" WHERE ("django_session"."expire_date" > '2026-08-29 11:43:47.834540' AND "django_session"."session_key" = 'l9jtvzd87yrhhpzzrvre3d9j11o1m508') LIMIT 21; args=('2026-08-29 11:43:47.834540', 'l9jtvzd87yrhhpzzrvre3d9j11o1m508'); alias=default
2026-08-29 13:43:47,838 [DEBUG] (0.000) SELECT "auth_user"."id", "auth_user"."password", "auth_user"."last_login", "auth_user"."is_superuser", "auth_user"."username", "auth_user"."first_name", "auth_user"."last_name", "auth_user"."email", "auth_user"."is_staff", "auth_user"."is_active", "auth_user"."date_joined" FROM "auth_user" WHERE "auth_user"."id" = 1 LIMIT 21; args=(1,); alias=default
2026-08-29 13:44:37,275 [DEBUG] (0.000) SELECT "django_session"."session_key", "django_session"."session_data", "django_session"."expire_date" FROM "django_session" WHERE ("django_session"."expire_date" > '2026-08-29 11:44:37.273339' AND "django_session"."session_key" = 'l9jtvzd87yrhhpzzrvre3d9j11o1m508') LIMIT 21; args=('2026-08-29 11:44:37.273339', 'l9jtvzd87yrhhpzzrvre3d9j11o1m508'); alias=default
2026-08-29 13:44:37,277 [DEBUG] (0.000) SELECT "auth_user"."id", "auth_user"."password", "auth_user"."last_login", "auth_user"."is_superuser", "auth_user"."username", "auth_user"."first_name", "auth_user"."last_name", "auth_user"."email", "auth_user"."is_staff", "auth_user"."is_active", "auth_user"."date_joined" FROM "auth_user" WHERE "auth_user"."id" = 1 LIMIT 21; args=(1,); alias=default
2026-08-29 13:44:37,277 [DEBUG] (0.000) BEGIN; args=None; alias=default
2026-08-29 13:44:37,278 [DEBUG] (0.000) SAVEPOINT "s24188_x1"; args=None; alias=default
2026-08-29 13:44:37,280 [DEBUG] (0.000) SELECT 1 AS "a" FROM "auth_user" WHERE "auth_user"."username" LIKE 'Taras Shevchenko' ESCAPE '\' LIMIT 1; args=(1, 'Taras Shevchenko'); alias=default
2026-08-29 13:44:37,283 [DEBUG] (0.000) RELEASE SAVEPOINT "s24188_x1"; args=None; alias=default
2026-08-29 13:44:37,283 [DEBUG] (0.000) COMMIT; args=None; alias=default
2026-08-29 13:44:37,310 [DEBUG] (0.000) SELECT "django_session"."session_key", "django_session"."session_data", "django_session"."expire_date" FROM "django_session" WHERE ("django_session"."expire_date" > '2026-08-29 11:44:37.308552' AND "django_session"."session_key" = 'l9jtvzd87yrhhpzzrvre3d9j11o1m508') LIMIT 21; args=('2026-08-29 11:44:37.308552', 'l9jtvzd87yrhhpzzrvre3d9j11o1m508'); alias=default
2026-08-29 13:44:37,311 [DEBUG] (0.000) SELECT "auth_user"."id", "auth_user"."password", "auth_user"."last_login", "auth_user"."is_superuser", "auth_user"."username", "auth_user"."first_name", "auth_user"."last_name", "auth_user"."email", "auth_user"."is_staff", "auth_user"."is_active", "auth_user"."date_joined" FROM "auth_user" WHERE "auth_user"."id" = 1 LIMIT 21; args=(1,); alias=default
2026-08-29 13:45:01,338 [DEBUG] (0.000) SELECT "django_session"."session_key", "django_session"."session_data", "django_session"."expire_date" FROM "django_session" WHERE ("django_session"."expire_date" > '2026-08-29 11:45:01.335743' AND "django_session"."session_key" = 'l9jtvzd87yrhhpzzrvre3d9j11o1m508') LIMIT 21; args=('2026-08-29 11:45:01.335743', 'l9jtvzd87yrhhpzzrvre3d9j11o1m508'); alias=default
2026-08-29 13:45:01,339 [DEBUG] (0.000) SELECT "auth_user"."id", "auth_user"."password", "auth_user"."last_login", "auth_user"."is_superuser", "auth_user"."username", "auth_user"."first_name", "auth_user"."last_name", "auth_user"."email", "auth_user"."is_staff", "auth_user"."is_active", "auth_user"."date_joined" FROM "auth_user" WHERE "auth_user"."id" = 1 LIMIT 21; args=(1,); alias=default
2026-08-29 13:45:01,340 [DEBUG] (0.000) BEGIN; args=None; alias=default
2026-08-29 13:45:01,340 [DEBUG] (0.000) SAVEPOINT "s24188_x2"; args=None; alias=default
2026-08-29 13:45:01,342 [DEBUG] (0.000) SELECT 1 AS "a" FROM "auth_user" WHERE "auth_user"."username" LIKE 'Taras\_Shevchenko' ESCAPE '\' LIMIT 1; args=(1, 'Taras\\_Shevchenko'); alias=default
2026-08-29 13:45:01,343 [DEBUG] (0.000) SELECT 1 AS "a" FROM "auth_user" WHERE "auth_user"."username" = 'Taras_Shevchenko' LIMIT 1; args=(1, 'Taras_Shevchenko'); alias=default
2026-08-29 13:45:01,345 [DEBUG] (0.000) RELEASE SAVEPOINT "s24188_x2"; args=None; alias=default
2026-08-29 13:45:01,345 [DEBUG] (0.000) COMMIT; args=None; alias=default
2026-08-29 13:45:01,372 [DEBUG] (0.000) SELECT "django_session"."session_key", "django_session"."session_data", "django_session"."expire_date" FROM "django_session" WHERE ("django_session"."expire_date" > '2026-08-29 11:45:01.370256' AND "django_session"."session_key" = 'l9jtvzd87yrhhpzzrvre3d9j11o1m508') LIMIT 21; args=('2026-08-29 11:45:01.370256', 'l9jtvzd87yrhhpzzrvre3d9j11o1m508'); alias=default
2026-08-29 13:45:01,374 [DEBUG] (0.000) SELECT "auth_user"."id", "auth_user"."password", "auth_user"."last_login", "auth_user"."is_superuser", "auth_user"."username", "auth_user"."first_name", "auth_user"."last_name", "auth_user"."email", "auth_user"."is_staff", "auth_user"."is_active", "auth_user"."date_joined" FROM "auth_user" WHERE "auth_user"."id" = 1 LIMIT 21; args=(1,); alias=default
2026-08-29 13:45:19,873 [DEBUG] (0.000) SELECT "django_session"."session_key", "django_session"."session_data", "django_session"."expire_date" FROM "django_session" WHERE ("django_session"."expire_date" > '2026-08-29 11:45:19.871269' AND "django_session"."session_key" = 'l9jtvzd87yrhhpzzrvre3d9j11o1m508') LIMIT 21; args=('2026-08-29 11:45:19.871269', 'l9jtvzd87yrhhpzzrvre3d9j11o1m508'); alias=default
2026-08-29 13:45:19,875 [DEBUG] (0.000) SELECT "auth_user"."id", "auth_user"."password", "auth_user"."last_login", "auth_user"."is_superuser", "auth_user"."username", "auth_user"."first_name", "auth_user"."last_name", "auth_user"."email", "auth_user"."is_staff", "auth_user"."is_active", "auth_user"."date_joined" FROM "auth_user" WHERE "auth_user"."id" = 1 LIMIT 21; args=(1,); alias=default
2026-08-29 13:45:19,876 [DEBUG] (0.000) BEGIN; args=None; alias=default
2026-08-29 13:45:19,876 [DEBUG] (0.000) SAVEPOINT "s24188_x3"; args=None; alias=default
2026-08-29 13:45:19,879 [DEBUG] (0.000) SELECT 1 AS "a" FROM "auth_user" WHERE "auth_user"."username" LIKE 'Taras\_Shevchenko' ESCAPE '\' LIMIT 1; args=(1, 'Taras\\_Shevchenko'); alias=default
2026-08-29 13:45:19,880 [DEBUG] (0.000) SELECT 1 AS "a" FROM "auth_user" WHERE "auth_user"."username" = 'Taras_Shevchenko' LIMIT 1; args=(1, 'Taras_Shevchenko'); alias=default
2026-08-29 13:45:21,445 [DEBUG] (0.001) INSERT INTO "auth_user" ("password", "last_login", "is_superuser", "username", "first_name", "last_name", "email", "is_staff", "is_active", "date_joined") VALUES ('pbkdf2_sha256$1500000$CHwDifmmiED2uFVcEufvPg$oTiyvSPbTc2NsTsbOrXA0TEh5OM2muwnRJYo8qpYY6E=', NULL, 0, 'Taras_Shevchenko', '', '', '', 0, 1, '2026-08-29 11:45:19.877804') RETURNING "auth_user"."id"; args=('pbkdf2_sha256$1500000$CHwDifmmiED2uFVcEufvPg$oTiyvSPbTc2NsTsbOrXA0TEh5OM2muwnRJYo8qpYY6E=', None, False, 'Taras_Shevchenko', '', '', '', False, True, '2026-08-29 11:45:19.877804'); alias=default
2026-08-29 13:45:21,446 [DEBUG] (0.000) INSERT INTO "django_admin_log" ("action_time", "user_id", "content_type_id", "object_id", "object_repr", "action_flag", "change_message") VALUES ('2026-08-29 11:45:21.445915', 1, 4, '2', 'Taras_Shevchenko', 1, '[{"added": {}}]') RETURNING "django_admin_log"."id"; args=('2026-08-29 11:45:21.445915', 1, 4, '2', 'Taras_Shevchenko', 1, '[{"added": {}}]'); alias=default
2026-08-29 13:45:21,447 [DEBUG] (0.000) RELEASE SAVEPOINT "s24188_x3"; args=None; alias=default
2026-08-29 13:45:21,453 [DEBUG] (0.005) COMMIT; args=None; alias=default
2026-08-29 13:45:21,459 [DEBUG] (0.000) SELECT "django_session"."session_key", "django_session"."session_data", "django_session"."expire_date" FROM "django_session" WHERE ("django_session"."expire_date" > '2026-08-29 11:45:21.457725' AND "django_session"."session_key" = 'l9jtvzd87yrhhpzzrvre3d9j11o1m508') LIMIT 21; args=('2026-08-29 11:45:21.457725', 'l9jtvzd87yrhhpzzrvre3d9j11o1m508'); alias=default
2026-08-29 13:45:21,460 [DEBUG] (0.000) SELECT "auth_user"."id", "auth_user"."password", "auth_user"."last_login", "auth_user"."is_superuser", "auth_user"."username", "auth_user"."first_name", "auth_user"."last_name", "auth_user"."email", "auth_user"."is_staff", "auth_user"."is_active", "auth_user"."date_joined" FROM "auth_user" WHERE "auth_user"."id" = 1 LIMIT 21; args=(1,); alias=default
2026-08-29 13:45:21,461 [DEBUG] (0.000) SELECT "auth_user"."id", "auth_user"."password", "auth_user"."last_login", "auth_user"."is_superuser", "auth_user"."username", "auth_user"."first_name", "auth_user"."last_name", "auth_user"."email", "auth_user"."is_staff", "auth_user"."is_active", "auth_user"."date_joined" FROM "auth_user" WHERE "auth_user"."id" = 2 LIMIT 21; args=(2,); alias=default
2026-08-29 13:45:21,464 [DEBUG] (0.000) SELECT "auth_group"."id", "auth_group"."name" FROM "auth_group" INNER JOIN "auth_user_groups" ON ("auth_group"."id" = "auth_user_groups"."group_id") WHERE "auth_user_groups"."user_id" = 2; args=(2,); alias=default
2026-08-29 13:45:21,466 [DEBUG] (0.000) SELECT "auth_permission"."id", "auth_permission"."name", "auth_permission"."content_type_id", "auth_permission"."codename" FROM "auth_permission" INNER JOIN "auth_user_user_permissions" ON ("auth_permission"."id" = "auth_user_user_permissions"."permission_id") INNER JOIN "django_content_type" ON ("auth_permission"."content_type_id" = "django_content_type"."id") WHERE "auth_user_user_permissions"."user_id" = 2 ORDER BY "django_content_type"."app_label" ASC, "django_content_type"."model" ASC, "auth_permission"."codename" ASC; args=(2,); alias=default
2026-08-29 13:45:21,520 [DEBUG] (0.000) SELECT "auth_group"."id", "auth_group"."name" FROM "auth_group" ORDER BY "auth_group"."name" ASC; args=(); alias=default
2026-08-29 13:45:21,523 [DEBUG] (0.000) SELECT "auth_permission"."id", "auth_permission"."name", "auth_permission"."content_type_id", "auth_permission"."codename", "django_content_type"."id", "django_content_type"."app_label", "django_content_type"."model" FROM "auth_permission" INNER JOIN "django_content_type" ON ("auth_permission"."content_type_id" = "django_content_type"."id") ORDER BY "django_content_type"."app_label" ASC, "django_content_type"."model" ASC, "auth_permission"."codename" ASC; args=(); alias=default
2026-08-29 13:45:21,581 [DEBUG] (0.000) SELECT "django_session"."session_key", "django_session"."session_data", "django_session"."expire_date" FROM "django_session" WHERE ("django_session"."expire_date" > '2026-08-29 11:45:21.578390' AND "django_session"."session_key" = 'l9jtvzd87yrhhpzzrvre3d9j11o1m508') LIMIT 21; args=('2026-08-29 11:45:21.578390', 'l9jtvzd87yrhhpzzrvre3d9j11o1m508'); alias=default
2026-08-29 13:45:21,582 [DEBUG] (0.000) SELECT "auth_user"."id", "auth_user"."password", "auth_user"."last_login", "auth_user"."is_superuser", "auth_user"."username", "auth_user"."first_name", "auth_user"."last_name", "auth_user"."email", "auth_user"."is_staff", "auth_user"."is_active", "auth_user"."date_joined" FROM "auth_user" WHERE "auth_user"."id" = 1 LIMIT 21; args=(1,); alias=default
2026-08-29 13:45:43,802 [DEBUG] (0.000) SELECT "django_session"."session_key", "django_session"."session_data", "django_session"."expire_date" FROM "django_session" WHERE ("django_session"."expire_date" > '2026-08-29 11:45:43.800204' AND "django_session"."session_key" = 'l9jtvzd87yrhhpzzrvre3d9j11o1m508') LIMIT 21; args=('2026-08-29 11:45:43.800204', 'l9jtvzd87yrhhpzzrvre3d9j11o1m508'); alias=default
2026-08-29 13:45:43,805 [DEBUG] (0.000) SELECT "auth_user"."id", "auth_user"."password", "auth_user"."last_login", "auth_user"."is_superuser", "auth_user"."username", "auth_user"."first_name", "auth_user"."last_name", "auth_user"."email", "auth_user"."is_staff", "auth_user"."is_active", "auth_user"."date_joined" FROM "auth_user" WHERE "auth_user"."id" = 1 LIMIT 21; args=(1,); alias=default
2026-08-29 13:45:43,806 [DEBUG] (0.000) SELECT "task_manager_category"."id", "task_manager_category"."name", "task_manager_category"."is_deleted", "task_manager_category"."deleted_at", "task_manager_category"."created_at" FROM "task_manager_category" WHERE "task_manager_category"."is_deleted" = 0; args=(False,); alias=default
2026-08-29 13:45:43,809 [DEBUG] (0.000) SELECT COUNT(*) AS "__count" FROM "task_manager_task"; args=(); alias=default
2026-08-29 13:45:43,809 [DEBUG] (0.000) SELECT COUNT(*) AS "__count" FROM "task_manager_task"; args=(); alias=default
2026-08-29 13:45:43,813 [DEBUG] (0.000) SELECT "task_manager_task"."id", "task_manager_task"."title", "task_manager_task"."description", "task_manager_task"."status", "task_manager_task"."deadline", "task_manager_task"."created_at", "task_manager_task"."owner_id" FROM "task_manager_task" ORDER BY "task_manager_task"."created_at" DESC, "task_manager_task"."id" DESC; args=(); alias=default
2026-08-29 13:45:43,838 [DEBUG] (0.000) SELECT "django_session"."session_key", "django_session"."session_data", "django_session"."expire_date" FROM "django_session" WHERE ("django_session"."expire_date" > '2026-08-29 11:45:43.834256' AND "django_session"."session_key" = 'l9jtvzd87yrhhpzzrvre3d9j11o1m508') LIMIT 21; args=('2026-08-29 11:45:43.834256', 'l9jtvzd87yrhhpzzrvre3d9j11o1m508'); alias=default
2026-08-29 13:45:43,840 [DEBUG] (0.000) SELECT "auth_user"."id", "auth_user"."password", "auth_user"."last_login", "auth_user"."is_superuser", "auth_user"."username", "auth_user"."first_name", "auth_user"."last_name", "auth_user"."email", "auth_user"."is_staff", "auth_user"."is_active", "auth_user"."date_joined" FROM "auth_user" WHERE "auth_user"."id" = 1 LIMIT 21; args=(1,); alias=default
2026-08-29 13:45:45,743 [DEBUG] (0.001) SELECT "django_session"."session_key", "django_session"."session_data", "django_session"."expire_date" FROM "django_session" WHERE ("django_session"."expire_date" > '2026-08-29 11:45:45.737145' AND "django_session"."session_key" = 'l9jtvzd87yrhhpzzrvre3d9j11o1m508') LIMIT 21; args=('2026-08-29 11:45:45.737145', 'l9jtvzd87yrhhpzzrvre3d9j11o1m508'); alias=default
2026-08-29 13:45:45,746 [DEBUG] (0.001) SELECT "auth_user"."id", "auth_user"."password", "auth_user"."last_login", "auth_user"."is_superuser", "auth_user"."username", "auth_user"."first_name", "auth_user"."last_name", "auth_user"."email", "auth_user"."is_staff", "auth_user"."is_active", "auth_user"."date_joined" FROM "auth_user" WHERE "auth_user"."id" = 1 LIMIT 21; args=(1,); alias=default
2026-08-29 13:45:45,749 [DEBUG] (0.001) SELECT "task_manager_task"."id", "task_manager_task"."title", "task_manager_task"."description", "task_manager_task"."status", "task_manager_task"."deadline", "task_manager_task"."created_at", "task_manager_task"."owner_id" FROM "task_manager_task" WHERE "task_manager_task"."id" = 'c6f5f4d2ab544bcd8a5e91d51a1fdd79' LIMIT 21; args=('c6f5f4d2ab544bcd8a5e91d51a1fdd79',); alias=default
2026-08-29 13:45:45,760 [DEBUG] (0.001) SELECT "task_manager_category"."id", "task_manager_category"."name", "task_manager_category"."is_deleted", "task_manager_category"."deleted_at", "task_manager_category"."created_at" FROM "task_manager_category" INNER JOIN "task_manager_task_categories" ON ("task_manager_category"."id" = "task_manager_task_categories"."category_id") WHERE ("task_manager_category"."is_deleted" = 0 AND "task_manager_task_categories"."task_id" = 'c6f5f4d2ab544bcd8a5e91d51a1fdd79'); args=(False, 'c6f5f4d2ab544bcd8a5e91d51a1fdd79'); alias=default
2026-08-29 13:45:45,772 [DEBUG] (0.001) SELECT "task_manager_subtask"."id", "task_manager_subtask"."title", "task_manager_subtask"."description", "task_manager_subtask"."task_id", "task_manager_subtask"."status", "task_manager_subtask"."deadline", "task_manager_subtask"."created_at", "task_manager_subtask"."owner_id" FROM "task_manager_subtask" WHERE "task_manager_subtask"."task_id" = 'c6f5f4d2ab544bcd8a5e91d51a1fdd79' ORDER BY "task_manager_subtask"."created_at" DESC, "task_manager_subtask"."id" ASC; args=('c6f5f4d2ab544bcd8a5e91d51a1fdd79',); alias=default
2026-08-29 13:45:45,804 [DEBUG] (0.001) SELECT "task_manager_category"."id", "task_manager_category"."name", "task_manager_category"."is_deleted", "task_manager_category"."deleted_at", "task_manager_category"."created_at" FROM "task_manager_category" WHERE "task_manager_category"."is_deleted" = 0; args=(False,); alias=default
2026-08-29 13:45:45,812 [DEBUG] (0.000) SELECT "auth_user"."id", "auth_user"."password", "auth_user"."last_login", "auth_user"."is_superuser", "auth_user"."username", "auth_user"."first_name", "auth_user"."last_name", "auth_user"."email", "auth_user"."is_staff", "auth_user"."is_active", "auth_user"."date_joined" FROM "auth_user" ORDER BY "auth_user"."username" ASC; args=(); alias=default
2026-08-29 13:45:45,830 [DEBUG] (0.000) SELECT "auth_user"."id", "auth_user"."password", "auth_user"."last_login", "auth_user"."is_superuser", "auth_user"."username", "auth_user"."first_name", "auth_user"."last_name", "auth_user"."email", "auth_user"."is_staff", "auth_user"."is_active", "auth_user"."date_joined" FROM "auth_user" ORDER BY "auth_user"."username" ASC; args=(); alias=default
2026-08-29 13:45:45,843 [DEBUG] (0.000) SELECT "auth_user"."id", "auth_user"."password", "auth_user"."last_login", "auth_user"."is_superuser", "auth_user"."username", "auth_user"."first_name", "auth_user"."last_name", "auth_user"."email", "auth_user"."is_staff", "auth_user"."is_active", "auth_user"."date_joined" FROM "auth_user" ORDER BY "auth_user"."username" ASC; args=(); alias=default
2026-08-29 13:45:45,862 [DEBUG] (0.001) SELECT "auth_user"."id", "auth_user"."password", "auth_user"."last_login", "auth_user"."is_superuser", "auth_user"."username", "auth_user"."first_name", "auth_user"."last_name", "auth_user"."email", "auth_user"."is_staff", "auth_user"."is_active", "auth_user"."date_joined" FROM "auth_user" ORDER BY "auth_user"."username" ASC; args=(); alias=default
2026-08-29 13:45:45,894 [DEBUG] (0.000) SELECT "django_session"."session_key", "django_session"."session_data", "django_session"."expire_date" FROM "django_session" WHERE ("django_session"."expire_date" > '2026-08-29 11:45:45.890168' AND "django_session"."session_key" = 'l9jtvzd87yrhhpzzrvre3d9j11o1m508') LIMIT 21; args=('2026-08-29 11:45:45.890168', 'l9jtvzd87yrhhpzzrvre3d9j11o1m508'); alias=default
2026-08-29 13:45:45,895 [DEBUG] (0.000) SELECT "auth_user"."id", "auth_user"."password", "auth_user"."last_login", "auth_user"."is_superuser", "auth_user"."username", "auth_user"."first_name", "auth_user"."last_name", "auth_user"."email", "auth_user"."is_staff", "auth_user"."is_active", "auth_user"."date_joined" FROM "auth_user" WHERE "auth_user"."id" = 1 LIMIT 21; args=(1,); alias=default
2026-08-29 13:45:53,614 [DEBUG] (0.000) SELECT "django_session"."session_key", "django_session"."session_data", "django_session"."expire_date" FROM "django_session" WHERE ("django_session"."expire_date" > '2026-08-29 11:45:53.611361' AND "django_session"."session_key" = 'l9jtvzd87yrhhpzzrvre3d9j11o1m508') LIMIT 21; args=('2026-08-29 11:45:53.611361', 'l9jtvzd87yrhhpzzrvre3d9j11o1m508'); alias=default
2026-08-29 13:45:53,616 [DEBUG] (0.000) SELECT "auth_user"."id", "auth_user"."password", "auth_user"."last_login", "auth_user"."is_superuser", "auth_user"."username", "auth_user"."first_name", "auth_user"."last_name", "auth_user"."email", "auth_user"."is_staff", "auth_user"."is_active", "auth_user"."date_joined" FROM "auth_user" WHERE "auth_user"."id" = 1 LIMIT 21; args=(1,); alias=default
2026-08-29 13:45:53,616 [DEBUG] (0.000) BEGIN; args=None; alias=default
2026-08-29 13:45:53,617 [DEBUG] (0.000) SELECT "task_manager_task"."id", "task_manager_task"."title", "task_manager_task"."description", "task_manager_task"."status", "task_manager_task"."deadline", "task_manager_task"."created_at", "task_manager_task"."owner_id" FROM "task_manager_task" WHERE "task_manager_task"."id" = 'c6f5f4d2ab544bcd8a5e91d51a1fdd79' LIMIT 21; args=('c6f5f4d2ab544bcd8a5e91d51a1fdd79',); alias=default
2026-08-29 13:45:53,620 [DEBUG] (0.000) SELECT "task_manager_category"."id", "task_manager_category"."name", "task_manager_category"."is_deleted", "task_manager_category"."deleted_at", "task_manager_category"."created_at" FROM "task_manager_category" INNER JOIN "task_manager_task_categories" ON ("task_manager_category"."id" = "task_manager_task_categories"."category_id") WHERE ("task_manager_category"."is_deleted" = 0 AND "task_manager_task_categories"."task_id" = 'c6f5f4d2ab544bcd8a5e91d51a1fdd79'); args=(False, 'c6f5f4d2ab544bcd8a5e91d51a1fdd79'); alias=default
2026-08-29 13:45:53,631 [DEBUG] (0.000) SELECT "auth_user"."id", "auth_user"."password", "auth_user"."last_login", "auth_user"."is_superuser", "auth_user"."username", "auth_user"."first_name", "auth_user"."last_name", "auth_user"."email", "auth_user"."is_staff", "auth_user"."is_active", "auth_user"."date_joined" FROM "auth_user" WHERE "auth_user"."id" = 2 LIMIT 21; args=(2,); alias=default
2026-08-29 13:45:53,632 [DEBUG] (0.000) SELECT 1 AS "a" FROM "auth_user" WHERE "auth_user"."id" = 2 LIMIT 1; args=(1, 2); alias=default
2026-08-29 13:45:53,633 [DEBUG] (0.000) SELECT 1 AS "a" FROM "task_manager_task" WHERE ("task_manager_task"."deadline" = '2026-08-26 21:39:00' AND "task_manager_task"."title" = 'trulalagregreg' AND NOT ("task_manager_task"."id" = 'c6f5f4d2ab544bcd8a5e91d51a1fdd79')) LIMIT 1; args=(1, '2026-08-26 21:39:00', 'trulalagregreg', 'c6f5f4d2ab544bcd8a5e91d51a1fdd79'); alias=default
2026-08-29 13:45:53,634 [DEBUG] (0.000) SELECT "task_manager_subtask"."id", "task_manager_subtask"."title", "task_manager_subtask"."description", "task_manager_subtask"."task_id", "task_manager_subtask"."status", "task_manager_subtask"."deadline", "task_manager_subtask"."created_at", "task_manager_subtask"."owner_id" FROM "task_manager_subtask" WHERE "task_manager_subtask"."task_id" = 'c6f5f4d2ab544bcd8a5e91d51a1fdd79' ORDER BY "task_manager_subtask"."created_at" DESC, "task_manager_subtask"."id" ASC; args=('c6f5f4d2ab544bcd8a5e91d51a1fdd79',); alias=default
2026-08-29 13:45:53,636 [DEBUG] (0.000) SELECT "auth_user"."id", "auth_user"."password", "auth_user"."last_login", "auth_user"."is_superuser", "auth_user"."username", "auth_user"."first_name", "auth_user"."last_name", "auth_user"."email", "auth_user"."is_staff", "auth_user"."is_active", "auth_user"."date_joined" FROM "auth_user" WHERE "auth_user"."id" = 1 LIMIT 21; args=(1,); alias=default
2026-08-29 13:45:53,637 [DEBUG] (0.000) SELECT "task_manager_subtask"."id", "task_manager_subtask"."title", "task_manager_subtask"."description", "task_manager_subtask"."task_id", "task_manager_subtask"."status", "task_manager_subtask"."deadline", "task_manager_subtask"."created_at", "task_manager_subtask"."owner_id" FROM "task_manager_subtask" WHERE "task_manager_subtask"."id" = '55be2a6164554ce1988c546da88dc127' LIMIT 21; args=('55be2a6164554ce1988c546da88dc127',); alias=default
2026-08-29 13:45:53,638 [DEBUG] (0.000) SELECT 1 AS "a" FROM "auth_user" WHERE "auth_user"."id" = 1 LIMIT 1; args=(1, 1); alias=default
2026-08-29 13:45:53,638 [DEBUG] (0.000) SELECT 1 AS "a" FROM "task_manager_subtask" WHERE ("task_manager_subtask"."title" = '5' AND NOT ("task_manager_subtask"."id" = '55be2a6164554ce1988c546da88dc127')) LIMIT 1; args=(1, '5', '55be2a6164554ce1988c546da88dc127'); alias=default
2026-08-29 13:45:53,641 [DEBUG] (0.002) UPDATE "task_manager_task" SET "title" = 'trulalagregreg', "description" = 'fjgfdjgoifdgjfd', "status" = 'new', "deadline" = '2026-08-26 21:39:00', "created_at" = '2026-08-25 19:39:51.993070', "owner_id" = 2 WHERE "task_manager_task"."id" = 'c6f5f4d2ab544bcd8a5e91d51a1fdd79'; args=('trulalagregreg', 'fjgfdjgoifdgjfd', 'new', '2026-08-26 21:39:00', '2026-08-25 19:39:51.993070', 2, 'c6f5f4d2ab544bcd8a5e91d51a1fdd79'); alias=default
2026-08-29 13:45:53,645 [DEBUG] (0.000) SELECT "task_manager_category"."id" AS "id" FROM "task_manager_category" INNER JOIN "task_manager_task_categories" ON ("task_manager_category"."id" = "task_manager_task_categories"."category_id") WHERE ("task_manager_category"."is_deleted" = 0 AND "task_manager_task_categories"."task_id" = 'c6f5f4d2ab544bcd8a5e91d51a1fdd79'); args=(False, 'c6f5f4d2ab544bcd8a5e91d51a1fdd79'); alias=default
2026-08-29 13:45:53,646 [DEBUG] (0.000) INSERT INTO "django_admin_log" ("action_time", "user_id", "content_type_id", "object_id", "object_repr", "action_flag", "change_message") VALUES ('2026-08-29 11:45:53.645968', 1, 9, 'c6f5f4d2-ab54-4bcd-8a5e-91d51a1fdd79', 'trulalagregreg', 2, '[{"changed": {"fields": ["Owner"]}}]') RETURNING "django_admin_log"."id"; args=('2026-08-29 11:45:53.645968', 1, 9, 'c6f5f4d2-ab54-4bcd-8a5e-91d51a1fdd79', 'trulalagregreg', 2, '[{"changed": {"fields": ["Owner"]}}]'); alias=default
2026-08-29 13:45:53,652 [DEBUG] (0.005) COMMIT; args=None; alias=default
2026-08-29 13:45:53,658 [DEBUG] (0.000) SELECT "django_session"."session_key", "django_session"."session_data", "django_session"."expire_date" FROM "django_session" WHERE ("django_session"."expire_date" > '2026-08-29 11:45:53.656350' AND "django_session"."session_key" = 'l9jtvzd87yrhhpzzrvre3d9j11o1m508') LIMIT 21; args=('2026-08-29 11:45:53.656350', 'l9jtvzd87yrhhpzzrvre3d9j11o1m508'); alias=default
2026-08-29 13:45:53,661 [DEBUG] (0.000) SELECT "auth_user"."id", "auth_user"."password", "auth_user"."last_login", "auth_user"."is_superuser", "auth_user"."username", "auth_user"."first_name", "auth_user"."last_name", "auth_user"."email", "auth_user"."is_staff", "auth_user"."is_active", "auth_user"."date_joined" FROM "auth_user" WHERE "auth_user"."id" = 1 LIMIT 21; args=(1,); alias=default
2026-08-29 13:45:53,663 [DEBUG] (0.000) SELECT "task_manager_category"."id", "task_manager_category"."name", "task_manager_category"."is_deleted", "task_manager_category"."deleted_at", "task_manager_category"."created_at" FROM "task_manager_category" WHERE "task_manager_category"."is_deleted" = 0; args=(False,); alias=default
2026-08-29 13:45:53,664 [DEBUG] (0.000) SELECT COUNT(*) AS "__count" FROM "task_manager_task"; args=(); alias=default
2026-08-29 13:45:53,664 [DEBUG] (0.000) SELECT COUNT(*) AS "__count" FROM "task_manager_task"; args=(); alias=default
2026-08-29 13:45:53,666 [DEBUG] (0.000) SELECT "task_manager_task"."id", "task_manager_task"."title", "task_manager_task"."description", "task_manager_task"."status", "task_manager_task"."deadline", "task_manager_task"."created_at", "task_manager_task"."owner_id" FROM "task_manager_task" ORDER BY "task_manager_task"."created_at" DESC, "task_manager_task"."id" DESC; args=(); alias=default
2026-08-29 13:45:53,695 [DEBUG] (0.000) SELECT "django_session"."session_key", "django_session"."session_data", "django_session"."expire_date" FROM "django_session" WHERE ("django_session"."expire_date" > '2026-08-29 11:45:53.693542' AND "django_session"."session_key" = 'l9jtvzd87yrhhpzzrvre3d9j11o1m508') LIMIT 21; args=('2026-08-29 11:45:53.693542', 'l9jtvzd87yrhhpzzrvre3d9j11o1m508'); alias=default
2026-08-29 13:45:53,697 [DEBUG] (0.000) SELECT "auth_user"."id", "auth_user"."password", "auth_user"."last_login", "auth_user"."is_superuser", "auth_user"."username", "auth_user"."first_name", "auth_user"."last_name", "auth_user"."email", "auth_user"."is_staff", "auth_user"."is_active", "auth_user"."date_joined" FROM "auth_user" WHERE "auth_user"."id" = 1 LIMIT 21; args=(1,); alias=default
2026-08-29 13:45:55,352 [DEBUG] (0.000) SELECT "django_session"."session_key", "django_session"."session_data", "django_session"."expire_date" FROM "django_session" WHERE ("django_session"."expire_date" > '2026-08-29 11:45:55.350314' AND "django_session"."session_key" = 'l9jtvzd87yrhhpzzrvre3d9j11o1m508') LIMIT 21; args=('2026-08-29 11:45:55.350314', 'l9jtvzd87yrhhpzzrvre3d9j11o1m508'); alias=default
2026-08-29 13:45:55,354 [DEBUG] (0.000) SELECT "auth_user"."id", "auth_user"."password", "auth_user"."last_login", "auth_user"."is_superuser", "auth_user"."username", "auth_user"."first_name", "auth_user"."last_name", "auth_user"."email", "auth_user"."is_staff", "auth_user"."is_active", "auth_user"."date_joined" FROM "auth_user" WHERE "auth_user"."id" = 1 LIMIT 21; args=(1,); alias=default
2026-08-29 13:45:55,355 [DEBUG] (0.000) SELECT "task_manager_task"."id", "task_manager_task"."title", "task_manager_task"."description", "task_manager_task"."status", "task_manager_task"."deadline", "task_manager_task"."created_at", "task_manager_task"."owner_id" FROM "task_manager_task" WHERE "task_manager_task"."id" = '4747293a71fa40db8de3a2d12d666e55' LIMIT 21; args=('4747293a71fa40db8de3a2d12d666e55',); alias=default
2026-08-29 13:45:55,362 [DEBUG] (0.000) SELECT "task_manager_category"."id", "task_manager_category"."name", "task_manager_category"."is_deleted", "task_manager_category"."deleted_at", "task_manager_category"."created_at" FROM "task_manager_category" INNER JOIN "task_manager_task_categories" ON ("task_manager_category"."id" = "task_manager_task_categories"."category_id") WHERE ("task_manager_category"."is_deleted" = 0 AND "task_manager_task_categories"."task_id" = '4747293a71fa40db8de3a2d12d666e55'); args=(False, '4747293a71fa40db8de3a2d12d666e55'); alias=default
2026-08-29 13:45:55,366 [DEBUG] (0.000) SELECT "task_manager_subtask"."id", "task_manager_subtask"."title", "task_manager_subtask"."description", "task_manager_subtask"."task_id", "task_manager_subtask"."status", "task_manager_subtask"."deadline", "task_manager_subtask"."created_at", "task_manager_subtask"."owner_id" FROM "task_manager_subtask" WHERE "task_manager_subtask"."task_id" = '4747293a71fa40db8de3a2d12d666e55' ORDER BY "task_manager_subtask"."created_at" DESC, "task_manager_subtask"."id" ASC; args=('4747293a71fa40db8de3a2d12d666e55',); alias=default
2026-08-29 13:45:55,380 [DEBUG] (0.000) SELECT "task_manager_category"."id", "task_manager_category"."name", "task_manager_category"."is_deleted", "task_manager_category"."deleted_at", "task_manager_category"."created_at" FROM "task_manager_category" WHERE "task_manager_category"."is_deleted" = 0; args=(False,); alias=default
2026-08-29 13:45:55,389 [DEBUG] (0.000) SELECT "auth_user"."id", "auth_user"."password", "auth_user"."last_login", "auth_user"."is_superuser", "auth_user"."username", "auth_user"."first_name", "auth_user"."last_name", "auth_user"."email", "auth_user"."is_staff", "auth_user"."is_active", "auth_user"."date_joined" FROM "auth_user" ORDER BY "auth_user"."username" ASC; args=(); alias=default
2026-08-29 13:45:55,402 [DEBUG] (0.000) SELECT "auth_user"."id", "auth_user"."password", "auth_user"."last_login", "auth_user"."is_superuser", "auth_user"."username", "auth_user"."first_name", "auth_user"."last_name", "auth_user"."email", "auth_user"."is_staff", "auth_user"."is_active", "auth_user"."date_joined" FROM "auth_user" ORDER BY "auth_user"."username" ASC; args=(); alias=default
2026-08-29 13:45:55,412 [DEBUG] (0.000) SELECT "auth_user"."id", "auth_user"."password", "auth_user"."last_login", "auth_user"."is_superuser", "auth_user"."username", "auth_user"."first_name", "auth_user"."last_name", "auth_user"."email", "auth_user"."is_staff", "auth_user"."is_active", "auth_user"."date_joined" FROM "auth_user" ORDER BY "auth_user"."username" ASC; args=(); alias=default
2026-08-29 13:45:55,419 [DEBUG] (0.000) SELECT "auth_user"."id", "auth_user"."password", "auth_user"."last_login", "auth_user"."is_superuser", "auth_user"."username", "auth_user"."first_name", "auth_user"."last_name", "auth_user"."email", "auth_user"."is_staff", "auth_user"."is_active", "auth_user"."date_joined" FROM "auth_user" ORDER BY "auth_user"."username" ASC; args=(); alias=default
2026-08-29 13:45:55,429 [DEBUG] (0.000) SELECT "auth_user"."id", "auth_user"."password", "auth_user"."last_login", "auth_user"."is_superuser", "auth_user"."username", "auth_user"."first_name", "auth_user"."last_name", "auth_user"."email", "auth_user"."is_staff", "auth_user"."is_active", "auth_user"."date_joined" FROM "auth_user" ORDER BY "auth_user"."username" ASC; args=(); alias=default
2026-08-29 13:45:55,436 [DEBUG] (0.000) SELECT "auth_user"."id", "auth_user"."password", "auth_user"."last_login", "auth_user"."is_superuser", "auth_user"."username", "auth_user"."first_name", "auth_user"."last_name", "auth_user"."email", "auth_user"."is_staff", "auth_user"."is_active", "auth_user"."date_joined" FROM "auth_user" ORDER BY "auth_user"."username" ASC; args=(); alias=default
2026-08-29 13:45:55,457 [DEBUG] (0.001) SELECT "django_session"."session_key", "django_session"."session_data", "django_session"."expire_date" FROM "django_session" WHERE ("django_session"."expire_date" > '2026-08-29 11:45:55.454461' AND "django_session"."session_key" = 'l9jtvzd87yrhhpzzrvre3d9j11o1m508') LIMIT 21; args=('2026-08-29 11:45:55.454461', 'l9jtvzd87yrhhpzzrvre3d9j11o1m508'); alias=default
2026-08-29 13:45:55,459 [DEBUG] (0.000) SELECT "auth_user"."id", "auth_user"."password", "auth_user"."last_login", "auth_user"."is_superuser", "auth_user"."username", "auth_user"."first_name", "auth_user"."last_name", "auth_user"."email", "auth_user"."is_staff", "auth_user"."is_active", "auth_user"."date_joined" FROM "auth_user" WHERE "auth_user"."id" = 1 LIMIT 21; args=(1,); alias=default
2026-08-29 13:45:59,082 [DEBUG] (0.000) SELECT "django_session"."session_key", "django_session"."session_data", "django_session"."expire_date" FROM "django_session" WHERE ("django_session"."expire_date" > '2026-08-29 11:45:59.080595' AND "django_session"."session_key" = 'l9jtvzd87yrhhpzzrvre3d9j11o1m508') LIMIT 21; args=('2026-08-29 11:45:59.080595', 'l9jtvzd87yrhhpzzrvre3d9j11o1m508'); alias=default
2026-08-29 13:45:59,084 [DEBUG] (0.000) SELECT "auth_user"."id", "auth_user"."password", "auth_user"."last_login", "auth_user"."is_superuser", "auth_user"."username", "auth_user"."first_name", "auth_user"."last_name", "auth_user"."email", "auth_user"."is_staff", "auth_user"."is_active", "auth_user"."date_joined" FROM "auth_user" WHERE "auth_user"."id" = 1 LIMIT 21; args=(1,); alias=default
2026-08-29 13:45:59,085 [DEBUG] (0.000) BEGIN; args=None; alias=default
2026-08-29 13:45:59,086 [DEBUG] (0.000) SELECT "task_manager_task"."id", "task_manager_task"."title", "task_manager_task"."description", "task_manager_task"."status", "task_manager_task"."deadline", "task_manager_task"."created_at", "task_manager_task"."owner_id" FROM "task_manager_task" WHERE "task_manager_task"."id" = '4747293a71fa40db8de3a2d12d666e55' LIMIT 21; args=('4747293a71fa40db8de3a2d12d666e55',); alias=default
2026-08-29 13:45:59,094 [DEBUG] (0.000) SELECT "task_manager_category"."id", "task_manager_category"."name", "task_manager_category"."is_deleted", "task_manager_category"."deleted_at", "task_manager_category"."created_at" FROM "task_manager_category" INNER JOIN "task_manager_task_categories" ON ("task_manager_category"."id" = "task_manager_task_categories"."category_id") WHERE ("task_manager_category"."is_deleted" = 0 AND "task_manager_task_categories"."task_id" = '4747293a71fa40db8de3a2d12d666e55'); args=(False, '4747293a71fa40db8de3a2d12d666e55'); alias=default
2026-08-29 13:45:59,098 [DEBUG] (0.000) SELECT "auth_user"."id", "auth_user"."password", "auth_user"."last_login", "auth_user"."is_superuser", "auth_user"."username", "auth_user"."first_name", "auth_user"."last_name", "auth_user"."email", "auth_user"."is_staff", "auth_user"."is_active", "auth_user"."date_joined" FROM "auth_user" WHERE "auth_user"."id" = 1 LIMIT 21; args=(1,); alias=default
2026-08-29 13:45:59,099 [DEBUG] (0.000) SELECT 1 AS "a" FROM "auth_user" WHERE "auth_user"."id" = 1 LIMIT 1; args=(1, 1); alias=default
2026-08-29 13:45:59,101 [DEBUG] (0.000) SELECT 1 AS "a" FROM "task_manager_task" WHERE ("task_manager_task"."deadline" = '2026-08-26 21:39:00' AND "task_manager_task"."title" = 'trulala' AND NOT ("task_manager_task"."id" = '4747293a71fa40db8de3a2d12d666e55')) LIMIT 1; args=(1, '2026-08-26 21:39:00', 'trulala', '4747293a71fa40db8de3a2d12d666e55'); alias=default
2026-08-29 13:45:59,103 [DEBUG] (0.000) SELECT "task_manager_subtask"."id", "task_manager_subtask"."title", "task_manager_subtask"."description", "task_manager_subtask"."task_id", "task_manager_subtask"."status", "task_manager_subtask"."deadline", "task_manager_subtask"."created_at", "task_manager_subtask"."owner_id" FROM "task_manager_subtask" WHERE "task_manager_subtask"."task_id" = '4747293a71fa40db8de3a2d12d666e55' ORDER BY "task_manager_subtask"."created_at" DESC, "task_manager_subtask"."id" ASC; args=('4747293a71fa40db8de3a2d12d666e55',); alias=default
2026-08-29 13:45:59,112 [DEBUG] (0.000) SELECT "auth_user"."id", "auth_user"."password", "auth_user"."last_login", "auth_user"."is_superuser", "auth_user"."username", "auth_user"."first_name", "auth_user"."last_name", "auth_user"."email", "auth_user"."is_staff", "auth_user"."is_active", "auth_user"."date_joined" FROM "auth_user" WHERE "auth_user"."id" = 1 LIMIT 21; args=(1,); alias=default
2026-08-29 13:45:59,113 [DEBUG] (0.000) SELECT "task_manager_subtask"."id", "task_manager_subtask"."title", "task_manager_subtask"."description", "task_manager_subtask"."task_id", "task_manager_subtask"."status", "task_manager_subtask"."deadline", "task_manager_subtask"."created_at", "task_manager_subtask"."owner_id" FROM "task_manager_subtask" WHERE "task_manager_subtask"."id" = 'd4e9916173d24d96a7dc34c9c125c990' LIMIT 21; args=('d4e9916173d24d96a7dc34c9c125c990',); alias=default
2026-08-29 13:45:59,114 [DEBUG] (0.000) SELECT 1 AS "a" FROM "auth_user" WHERE "auth_user"."id" = 1 LIMIT 1; args=(1, 1); alias=default
2026-08-29 13:45:59,116 [DEBUG] (0.000) SELECT 1 AS "a" FROM "task_manager_subtask" WHERE ("task_manager_subtask"."title" = '4' AND NOT ("task_manager_subtask"."id" = 'd4e9916173d24d96a7dc34c9c125c990')) LIMIT 1; args=(1, '4', 'd4e9916173d24d96a7dc34c9c125c990'); alias=default
2026-08-29 13:45:59,117 [DEBUG] (0.000) SELECT "auth_user"."id", "auth_user"."password", "auth_user"."last_login", "auth_user"."is_superuser", "auth_user"."username", "auth_user"."first_name", "auth_user"."last_name", "auth_user"."email", "auth_user"."is_staff", "auth_user"."is_active", "auth_user"."date_joined" FROM "auth_user" WHERE "auth_user"."id" = 1 LIMIT 21; args=(1,); alias=default
2026-08-29 13:45:59,118 [DEBUG] (0.000) SELECT "task_manager_subtask"."id", "task_manager_subtask"."title", "task_manager_subtask"."description", "task_manager_subtask"."task_id", "task_manager_subtask"."status", "task_manager_subtask"."deadline", "task_manager_subtask"."created_at", "task_manager_subtask"."owner_id" FROM "task_manager_subtask" WHERE "task_manager_subtask"."id" = 'aad44b66e71548debf7130bf74e45230' LIMIT 21; args=('aad44b66e71548debf7130bf74e45230',); alias=default
2026-08-29 13:45:59,123 [DEBUG] (0.000) SELECT 1 AS "a" FROM "auth_user" WHERE "auth_user"."id" = 1 LIMIT 1; args=(1, 1); alias=default
2026-08-29 13:45:59,125 [DEBUG] (0.000) SELECT 1 AS "a" FROM "task_manager_subtask" WHERE ("task_manager_subtask"."title" = '3' AND NOT ("task_manager_subtask"."id" = 'aad44b66e71548debf7130bf74e45230')) LIMIT 1; args=(1, '3', 'aad44b66e71548debf7130bf74e45230'); alias=default
2026-08-29 13:45:59,127 [DEBUG] (0.000) SELECT "auth_user"."id", "auth_user"."password", "auth_user"."last_login", "auth_user"."is_superuser", "auth_user"."username", "auth_user"."first_name", "auth_user"."last_name", "auth_user"."email", "auth_user"."is_staff", "auth_user"."is_active", "auth_user"."date_joined" FROM "auth_user" WHERE "auth_user"."id" = 1 LIMIT 21; args=(1,); alias=default
2026-08-29 13:45:59,128 [DEBUG] (0.000) SELECT "task_manager_subtask"."id", "task_manager_subtask"."title", "task_manager_subtask"."description", "task_manager_subtask"."task_id", "task_manager_subtask"."status", "task_manager_subtask"."deadline", "task_manager_subtask"."created_at", "task_manager_subtask"."owner_id" FROM "task_manager_subtask" WHERE "task_manager_subtask"."id" = 'fa02019f13d14e0dbdedc384bd877fff' LIMIT 21; args=('fa02019f13d14e0dbdedc384bd877fff',); alias=default
2026-08-29 13:45:59,129 [DEBUG] (0.000) SELECT 1 AS "a" FROM "auth_user" WHERE "auth_user"."id" = 1 LIMIT 1; args=(1, 1); alias=default
2026-08-29 13:45:59,130 [DEBUG] (0.000) SELECT 1 AS "a" FROM "task_manager_subtask" WHERE ("task_manager_subtask"."title" = '1' AND NOT ("task_manager_subtask"."id" = 'fa02019f13d14e0dbdedc384bd877fff')) LIMIT 1; args=(1, '1', 'fa02019f13d14e0dbdedc384bd877fff'); alias=default
2026-08-29 13:45:59,133 [DEBUG] (0.002) UPDATE "task_manager_task" SET "title" = 'trulala', "description" = 'fjgfdjgoifdgjfd', "status" = 'new', "deadline" = '2026-08-26 21:39:00', "created_at" = '2026-08-25 19:39:27.183333', "owner_id" = 1 WHERE "task_manager_task"."id" = '4747293a71fa40db8de3a2d12d666e55'; args=('trulala', 'fjgfdjgoifdgjfd', 'new', '2026-08-26 21:39:00', '2026-08-25 19:39:27.183333', 1, '4747293a71fa40db8de3a2d12d666e55'); alias=default
2026-08-29 13:45:59,135 [DEBUG] (0.000) SELECT "task_manager_category"."id" AS "id" FROM "task_manager_category" INNER JOIN "task_manager_task_categories" ON ("task_manager_category"."id" = "task_manager_task_categories"."category_id") WHERE ("task_manager_category"."is_deleted" = 0 AND "task_manager_task_categories"."task_id" = '4747293a71fa40db8de3a2d12d666e55'); args=(False, '4747293a71fa40db8de3a2d12d666e55'); alias=default
2026-08-29 13:45:59,140 [DEBUG] (0.002) INSERT INTO "django_admin_log" ("action_time", "user_id", "content_type_id", "object_id", "object_repr", "action_flag", "change_message") VALUES ('2026-08-29 11:45:59.137244', 1, 9, '4747293a-71fa-40db-8de3-a2d12d666e55', 'trulala', 2, '[]') RETURNING "django_admin_log"."id"; args=('2026-08-29 11:45:59.137244', 1, 9, '4747293a-71fa-40db-8de3-a2d12d666e55', 'trulala', 2, '[]'); alias=default
2026-08-29 13:45:59,145 [DEBUG] (0.004) COMMIT; args=None; alias=default
2026-08-29 13:45:59,152 [DEBUG] (0.000) SELECT "django_session"."session_key", "django_session"."session_data", "django_session"."expire_date" FROM "django_session" WHERE ("django_session"."expire_date" > '2026-08-29 11:45:59.150278' AND "django_session"."session_key" = 'l9jtvzd87yrhhpzzrvre3d9j11o1m508') LIMIT 21; args=('2026-08-29 11:45:59.150278', 'l9jtvzd87yrhhpzzrvre3d9j11o1m508'); alias=default
2026-08-29 13:45:59,156 [DEBUG] (0.000) SELECT "auth_user"."id", "auth_user"."password", "auth_user"."last_login", "auth_user"."is_superuser", "auth_user"."username", "auth_user"."first_name", "auth_user"."last_name", "auth_user"."email", "auth_user"."is_staff", "auth_user"."is_active", "auth_user"."date_joined" FROM "auth_user" WHERE "auth_user"."id" = 1 LIMIT 21; args=(1,); alias=default
2026-08-29 13:45:59,158 [DEBUG] (0.000) SELECT "task_manager_category"."id", "task_manager_category"."name", "task_manager_category"."is_deleted", "task_manager_category"."deleted_at", "task_manager_category"."created_at" FROM "task_manager_category" WHERE "task_manager_category"."is_deleted" = 0; args=(False,); alias=default
2026-08-29 13:45:59,160 [DEBUG] (0.000) SELECT COUNT(*) AS "__count" FROM "task_manager_task"; args=(); alias=default
2026-08-29 13:45:59,161 [DEBUG] (0.000) SELECT COUNT(*) AS "__count" FROM "task_manager_task"; args=(); alias=default
2026-08-29 13:45:59,165 [DEBUG] (0.000) SELECT "task_manager_task"."id", "task_manager_task"."title", "task_manager_task"."description", "task_manager_task"."status", "task_manager_task"."deadline", "task_manager_task"."created_at", "task_manager_task"."owner_id" FROM "task_manager_task" ORDER BY "task_manager_task"."created_at" DESC, "task_manager_task"."id" DESC; args=(); alias=default
2026-08-29 13:45:59,204 [DEBUG] (0.000) SELECT "django_session"."session_key", "django_session"."session_data", "django_session"."expire_date" FROM "django_session" WHERE ("django_session"."expire_date" > '2026-08-29 11:45:59.200415' AND "django_session"."session_key" = 'l9jtvzd87yrhhpzzrvre3d9j11o1m508') LIMIT 21; args=('2026-08-29 11:45:59.200415', 'l9jtvzd87yrhhpzzrvre3d9j11o1m508'); alias=default
2026-08-29 13:45:59,208 [DEBUG] (0.000) SELECT "auth_user"."id", "auth_user"."password", "auth_user"."last_login", "auth_user"."is_superuser", "auth_user"."username", "auth_user"."first_name", "auth_user"."last_name", "auth_user"."email", "auth_user"."is_staff", "auth_user"."is_active", "auth_user"."date_joined" FROM "auth_user" WHERE "auth_user"."id" = 1 LIMIT 21; args=(1,); alias=default
2026-08-29 13:53:39,834 [DEBUG] (0.000) 
            SELECT name, type FROM sqlite_master
            WHERE type in ('table', 'view') AND NOT name='sqlite_sequence'
            ORDER BY name; args=None; alias=default
2026-08-29 13:53:39,837 [DEBUG] (0.000) SELECT "django_migrations"."id", "django_migrations"."app", "django_migrations"."name", "django_migrations"."applied" FROM "django_migrations"; args=(); alias=default
2026-08-29 14:13:20,974 [DEBUG] (0.000) 
            SELECT name, type FROM sqlite_master
            WHERE type in ('table', 'view') AND NOT name='sqlite_sequence'
            ORDER BY name; args=None; alias=default
2026-08-29 14:13:20,978 [DEBUG] (0.000) SELECT "django_migrations"."id", "django_migrations"."app", "django_migrations"."name", "django_migrations"."applied" FROM "django_migrations"; args=(); alias=default
2026-08-29 14:21:24,404 [DEBUG] (0.000) 
            SELECT name, type FROM sqlite_master
            WHERE type in ('table', 'view') AND NOT name='sqlite_sequence'
            ORDER BY name; args=None; alias=default
2026-08-29 14:21:24,407 [DEBUG] (0.000) SELECT "django_migrations"."id", "django_migrations"."app", "django_migrations"."name", "django_migrations"."applied" FROM "django_migrations"; args=(); alias=default
2026-08-29 14:21:54,032 [DEBUG] (0.000) 
            SELECT name, type FROM sqlite_master
            WHERE type in ('table', 'view') AND NOT name='sqlite_sequence'
            ORDER BY name; args=None; alias=default
2026-08-29 14:21:54,035 [DEBUG] (0.000) SELECT "django_migrations"."id", "django_migrations"."app", "django_migrations"."name", "django_migrations"."applied" FROM "django_migrations"; args=(); alias=default
2026-08-29 14:22:13,989 [DEBUG] (0.000) 
            SELECT name, type FROM sqlite_master
            WHERE type in ('table', 'view') AND NOT name='sqlite_sequence'
            ORDER BY name; args=None; alias=default
2026-08-29 14:22:13,993 [DEBUG] (0.000) SELECT "django_migrations"."id", "django_migrations"."app", "django_migrations"."name", "django_migrations"."applied" FROM "django_migrations"; args=(); alias=default
2026-08-29 14:23:03,043 [DEBUG] (0.000) SELECT "auth_user"."id", "auth_user"."password", "auth_user"."last_login", "auth_user"."is_superuser", "auth_user"."username", "auth_user"."first_name", "auth_user"."last_name", "auth_user"."email", "auth_user"."is_staff", "auth_user"."is_active", "auth_user"."date_joined" FROM "auth_user" WHERE "auth_user"."username" = 'admin' LIMIT 21; args=('admin',); alias=default
2026-08-29 14:23:53,364 [DEBUG] (0.000) SELECT "auth_user"."id", "auth_user"."password", "auth_user"."last_login", "auth_user"."is_superuser", "auth_user"."username", "auth_user"."first_name", "auth_user"."last_name", "auth_user"."email", "auth_user"."is_staff", "auth_user"."is_active", "auth_user"."date_joined" FROM "auth_user" WHERE "auth_user"."id" = 1 LIMIT 21; args=(1,); alias=default
2026-08-29 14:24:58,516 [DEBUG] (0.000) SELECT "auth_user"."id", "auth_user"."password", "auth_user"."last_login", "auth_user"."is_superuser", "auth_user"."username", "auth_user"."first_name", "auth_user"."last_name", "auth_user"."email", "auth_user"."is_staff", "auth_user"."is_active", "auth_user"."date_joined" FROM "auth_user" WHERE "auth_user"."id" = 1 LIMIT 21; args=(1,); alias=default
2026-08-29 14:25:09,175 [DEBUG] (0.000) SELECT "auth_user"."id", "auth_user"."password", "auth_user"."last_login", "auth_user"."is_superuser", "auth_user"."username", "auth_user"."first_name", "auth_user"."last_name", "auth_user"."email", "auth_user"."is_staff", "auth_user"."is_active", "auth_user"."date_joined" FROM "auth_user" WHERE "auth_user"."id" = 1 LIMIT 21; args=(1,); alias=default
2026-08-29 14:50:36,679 [DEBUG] (0.000) 
            SELECT name, type FROM sqlite_master
            WHERE type in ('table', 'view') AND NOT name='sqlite_sequence'
            ORDER BY name; args=None; alias=default
2026-08-29 14:50:36,682 [DEBUG] (0.000) SELECT "django_migrations"."id", "django_migrations"."app", "django_migrations"."name", "django_migrations"."applied" FROM "django_migrations"; args=(); alias=default
2026-08-29 14:51:06,957 [DEBUG] (0.000) 
            SELECT name, type FROM sqlite_master
            WHERE type in ('table', 'view') AND NOT name='sqlite_sequence'
            ORDER BY name; args=None; alias=default
2026-08-29 14:51:06,960 [DEBUG] (0.000) SELECT "django_migrations"."id", "django_migrations"."app", "django_migrations"."name", "django_migrations"."applied" FROM "django_migrations"; args=(); alias=default
2026-08-29 14:52:28,281 [DEBUG] (0.000) 
            SELECT name, type FROM sqlite_master
            WHERE type in ('table', 'view') AND NOT name='sqlite_sequence'
            ORDER BY name; args=None; alias=default
2026-08-29 14:52:28,285 [DEBUG] (0.001) SELECT "django_migrations"."id", "django_migrations"."app", "django_migrations"."name", "django_migrations"."applied" FROM "django_migrations"; args=(); alias=default
2026-08-29 14:52:55,536 [DEBUG] (0.000) 
            SELECT name, type FROM sqlite_master
            WHERE type in ('table', 'view') AND NOT name='sqlite_sequence'
            ORDER BY name; args=None; alias=default
2026-08-29 14:52:55,539 [DEBUG] (0.000) SELECT "django_migrations"."id", "django_migrations"."app", "django_migrations"."name", "django_migrations"."applied" FROM "django_migrations"; args=(); alias=default
2026-08-29 14:57:12,589 [DEBUG] (0.000) SELECT "auth_user"."id", "auth_user"."password", "auth_user"."last_login", "auth_user"."is_superuser", "auth_user"."username", "auth_user"."first_name", "auth_user"."last_name", "auth_user"."email", "auth_user"."is_staff", "auth_user"."is_active", "auth_user"."date_joined" FROM "auth_user" WHERE "auth_user"."id" = 1 LIMIT 21; args=(1,); alias=default
2026-08-29 14:57:48,099 [DEBUG] (0.000) SELECT "auth_user"."id", "auth_user"."password", "auth_user"."last_login", "auth_user"."is_superuser", "auth_user"."username", "auth_user"."first_name", "auth_user"."last_name", "auth_user"."email", "auth_user"."is_staff", "auth_user"."is_active", "auth_user"."date_joined" FROM "auth_user" WHERE "auth_user"."id" = 1 LIMIT 21; args=(1,); alias=default
2026-08-29 14:59:32,223 [DEBUG] (0.000) 
            SELECT name, type FROM sqlite_master
            WHERE type in ('table', 'view') AND NOT name='sqlite_sequence'
            ORDER BY name; args=None; alias=default
2026-08-29 14:59:32,226 [DEBUG] (0.000) SELECT "django_migrations"."id", "django_migrations"."app", "django_migrations"."name", "django_migrations"."applied" FROM "django_migrations"; args=(); alias=default
2026-08-29 14:59:51,565 [DEBUG] (0.000) SELECT "auth_user"."id", "auth_user"."password", "auth_user"."last_login", "auth_user"."is_superuser", "auth_user"."username", "auth_user"."first_name", "auth_user"."last_name", "auth_user"."email", "auth_user"."is_staff", "auth_user"."is_active", "auth_user"."date_joined" FROM "auth_user" WHERE "auth_user"."id" = 1 LIMIT 21; args=(1,); alias=default
2026-08-29 15:05:07,102 [DEBUG] (0.000) 
            SELECT name, type FROM sqlite_master
            WHERE type in ('table', 'view') AND NOT name='sqlite_sequence'
            ORDER BY name; args=None; alias=default
2026-08-29 15:05:07,106 [DEBUG] (0.000) SELECT "django_migrations"."id", "django_migrations"."app", "django_migrations"."name", "django_migrations"."applied" FROM "django_migrations"; args=(); alias=default
2026-08-29 15:05:51,036 [DEBUG] (0.000) 
            SELECT name, type FROM sqlite_master
            WHERE type in ('table', 'view') AND NOT name='sqlite_sequence'
            ORDER BY name; args=None; alias=default
2026-08-29 15:05:51,040 [DEBUG] (0.001) SELECT "django_migrations"."id", "django_migrations"."app", "django_migrations"."name", "django_migrations"."applied" FROM "django_migrations"; args=(); alias=default
2026-08-29 15:06:36,071 [DEBUG] (0.000) 
            SELECT name, type FROM sqlite_master
            WHERE type in ('table', 'view') AND NOT name='sqlite_sequence'
            ORDER BY name; args=None; alias=default
2026-08-29 15:06:36,075 [DEBUG] (0.000) SELECT "django_migrations"."id", "django_migrations"."app", "django_migrations"."name", "django_migrations"."applied" FROM "django_migrations"; args=(); alias=default
2026-08-29 15:07:11,801 [DEBUG] (0.000) SELECT "auth_user"."id", "auth_user"."password", "auth_user"."last_login", "auth_user"."is_superuser", "auth_user"."username", "auth_user"."first_name", "auth_user"."last_name", "auth_user"."email", "auth_user"."is_staff", "auth_user"."is_active", "auth_user"."date_joined" FROM "auth_user" WHERE "auth_user"."id" = 1 LIMIT 21; args=(1,); alias=default
2026-08-29 15:07:30,291 [DEBUG] (0.000) SELECT "auth_user"."id", "auth_user"."password", "auth_user"."last_login", "auth_user"."is_superuser", "auth_user"."username", "auth_user"."first_name", "auth_user"."last_name", "auth_user"."email", "auth_user"."is_staff", "auth_user"."is_active", "auth_user"."date_joined" FROM "auth_user" WHERE "auth_user"."id" = 1 LIMIT 21; args=(1,); alias=default
2026-08-29 15:07:34,116 [DEBUG] (0.000) SELECT "auth_user"."id", "auth_user"."password", "auth_user"."last_login", "auth_user"."is_superuser", "auth_user"."username", "auth_user"."first_name", "auth_user"."last_name", "auth_user"."email", "auth_user"."is_staff", "auth_user"."is_active", "auth_user"."date_joined" FROM "auth_user" WHERE "auth_user"."id" = 1 LIMIT 21; args=(1,); alias=default
2026-08-29 15:08:33,649 [DEBUG] (0.000) SELECT "auth_user"."id", "auth_user"."password", "auth_user"."last_login", "auth_user"."is_superuser", "auth_user"."username", "auth_user"."first_name", "auth_user"."last_name", "auth_user"."email", "auth_user"."is_staff", "auth_user"."is_active", "auth_user"."date_joined" FROM "auth_user" WHERE "auth_user"."id" = 1 LIMIT 21; args=(1,); alias=default
2026-08-29 15:08:36,983 [DEBUG] (0.000) SELECT "auth_user"."id", "auth_user"."password", "auth_user"."last_login", "auth_user"."is_superuser", "auth_user"."username", "auth_user"."first_name", "auth_user"."last_name", "auth_user"."email", "auth_user"."is_staff", "auth_user"."is_active", "auth_user"."date_joined" FROM "auth_user" WHERE "auth_user"."id" = 1 LIMIT 21; args=(1,); alias=default
2026-08-29 15:08:36,985 [DEBUG] (0.000) SELECT "task_manager_task"."id", "task_manager_task"."title", "task_manager_task"."description", "task_manager_task"."status", "task_manager_task"."deadline", "task_manager_task"."created_at", "task_manager_task"."owner_id" FROM "task_manager_task" WHERE "task_manager_task"."owner_id" = 1 ORDER BY "task_manager_task"."created_at" DESC LIMIT 6; args=(1,); alias=default
2026-08-29 15:14:37,122 [DEBUG] (0.000) 
            SELECT name, type FROM sqlite_master
            WHERE type in ('table', 'view') AND NOT name='sqlite_sequence'
            ORDER BY name; args=None; alias=default
2026-08-29 15:14:37,126 [DEBUG] (0.000) SELECT "django_migrations"."id", "django_migrations"."app", "django_migrations"."name", "django_migrations"."applied" FROM "django_migrations"; args=(); alias=default
2026-08-29 15:15:39,773 [DEBUG] (0.000) 
            SELECT name, type FROM sqlite_master
            WHERE type in ('table', 'view') AND NOT name='sqlite_sequence'
            ORDER BY name; args=None; alias=default
2026-08-29 15:15:39,776 [DEBUG] (0.000) SELECT "django_migrations"."id", "django_migrations"."app", "django_migrations"."name", "django_migrations"."applied" FROM "django_migrations"; args=(); alias=default
2026-08-29 15:16:25,091 [DEBUG] (0.000) 
            SELECT name, type FROM sqlite_master
            WHERE type in ('table', 'view') AND NOT name='sqlite_sequence'
            ORDER BY name; args=None; alias=default
2026-08-29 15:16:25,095 [DEBUG] (0.000) SELECT "django_migrations"."id", "django_migrations"."app", "django_migrations"."name", "django_migrations"."applied" FROM "django_migrations"; args=(); alias=default
2026-08-29 15:17:34,274 [DEBUG] (0.000) 
            SELECT name, type FROM sqlite_master
            WHERE type in ('table', 'view') AND NOT name='sqlite_sequence'
            ORDER BY name; args=None; alias=default
2026-08-29 15:17:34,278 [DEBUG] (0.000) SELECT "django_migrations"."id", "django_migrations"."app", "django_migrations"."name", "django_migrations"."applied" FROM "django_migrations"; args=(); alias=default
2026-08-29 15:18:02,866 [DEBUG] (0.000) SELECT "auth_user"."id", "auth_user"."password", "auth_user"."last_login", "auth_user"."is_superuser", "auth_user"."username", "auth_user"."first_name", "auth_user"."last_name", "auth_user"."email", "auth_user"."is_staff", "auth_user"."is_active", "auth_user"."date_joined" FROM "auth_user" WHERE "auth_user"."id" = 1 LIMIT 21; args=(1,); alias=default
2026-08-29 15:18:19,534 [DEBUG] (0.000) SELECT "auth_user"."id", "auth_user"."password", "auth_user"."last_login", "auth_user"."is_superuser", "auth_user"."username", "auth_user"."first_name", "auth_user"."last_name", "auth_user"."email", "auth_user"."is_staff", "auth_user"."is_active", "auth_user"."date_joined" FROM "auth_user" WHERE "auth_user"."id" = 1 LIMIT 21; args=(1,); alias=default
2026-08-29 15:18:19,537 [DEBUG] (0.000) SELECT "task_manager_task"."id", "task_manager_task"."title", "task_manager_task"."description", "task_manager_task"."status", "task_manager_task"."deadline", "task_manager_task"."created_at", "task_manager_task"."owner_id" FROM "task_manager_task" ORDER BY "task_manager_task"."created_at" ASC LIMIT 6; args=(); alias=default
2026-08-29 15:18:29,741 [DEBUG] (0.000) SELECT "auth_user"."id", "auth_user"."password", "auth_user"."last_login", "auth_user"."is_superuser", "auth_user"."username", "auth_user"."first_name", "auth_user"."last_name", "auth_user"."email", "auth_user"."is_staff", "auth_user"."is_active", "auth_user"."date_joined" FROM "auth_user" WHERE "auth_user"."id" = 1 LIMIT 21; args=(1,); alias=default
2026-08-29 15:18:29,742 [DEBUG] (0.000) SELECT "task_manager_task"."id", "task_manager_task"."title", "task_manager_task"."description", "task_manager_task"."status", "task_manager_task"."deadline", "task_manager_task"."created_at", "task_manager_task"."owner_id" FROM "task_manager_task" WHERE "task_manager_task"."id" = '4747293a71fa40db8de3a2d12d666e55' LIMIT 21; args=('4747293a71fa40db8de3a2d12d666e55',); alias=default
2026-08-29 15:18:29,745 [DEBUG] (0.000) SELECT "task_manager_subtask"."id", "task_manager_subtask"."title", "task_manager_subtask"."description", "task_manager_subtask"."task_id", "task_manager_subtask"."status", "task_manager_subtask"."deadline", "task_manager_subtask"."created_at", "task_manager_subtask"."owner_id" FROM "task_manager_subtask" WHERE "task_manager_subtask"."task_id" = '4747293a71fa40db8de3a2d12d666e55' ORDER BY "task_manager_subtask"."created_at" DESC; args=('4747293a71fa40db8de3a2d12d666e55',); alias=default
2026-08-29 15:19:14,220 [DEBUG] (0.000) SELECT "auth_user"."id", "auth_user"."password", "auth_user"."last_login", "auth_user"."is_superuser", "auth_user"."username", "auth_user"."first_name", "auth_user"."last_name", "auth_user"."email", "auth_user"."is_staff", "auth_user"."is_active", "auth_user"."date_joined" FROM "auth_user" WHERE "auth_user"."id" = 1 LIMIT 21; args=(1,); alias=default
2026-08-29 15:19:14,221 [DEBUG] (0.000) SELECT "task_manager_task"."id", "task_manager_task"."title", "task_manager_task"."description", "task_manager_task"."status", "task_manager_task"."deadline", "task_manager_task"."created_at", "task_manager_task"."owner_id" FROM "task_manager_task" WHERE "task_manager_task"."id" = '4747293a71fa40db8de3a2d12d666e55' LIMIT 21; args=('4747293a71fa40db8de3a2d12d666e55',); alias=default
2026-08-29 15:19:14,222 [DEBUG] (0.000) SELECT "auth_user"."id", "auth_user"."password", "auth_user"."last_login", "auth_user"."is_superuser", "auth_user"."username", "auth_user"."first_name", "auth_user"."last_name", "auth_user"."email", "auth_user"."is_staff", "auth_user"."is_active", "auth_user"."date_joined" FROM "auth_user" WHERE "auth_user"."id" = 1 LIMIT 21; args=(1,); alias=default
2026-08-29 15:19:23,203 [DEBUG] (0.000) SELECT "auth_user"."id", "auth_user"."password", "auth_user"."last_login", "auth_user"."is_superuser", "auth_user"."username", "auth_user"."first_name", "auth_user"."last_name", "auth_user"."email", "auth_user"."is_staff", "auth_user"."is_active", "auth_user"."date_joined" FROM "auth_user" WHERE "auth_user"."id" = 1 LIMIT 21; args=(1,); alias=default
2026-08-29 15:19:23,205 [DEBUG] (0.000) SELECT "task_manager_task"."id", "task_manager_task"."title", "task_manager_task"."description", "task_manager_task"."status", "task_manager_task"."deadline", "task_manager_task"."created_at", "task_manager_task"."owner_id" FROM "task_manager_task" WHERE "task_manager_task"."id" = '4747293a71fa40db8de3a2d12d666e55' LIMIT 21; args=('4747293a71fa40db8de3a2d12d666e55',); alias=default
2026-08-29 15:19:23,206 [DEBUG] (0.000) SELECT "auth_user"."id", "auth_user"."password", "auth_user"."last_login", "auth_user"."is_superuser", "auth_user"."username", "auth_user"."first_name", "auth_user"."last_name", "auth_user"."email", "auth_user"."is_staff", "auth_user"."is_active", "auth_user"."date_joined" FROM "auth_user" WHERE "auth_user"."id" = 1 LIMIT 21; args=(1,); alias=default
2026-08-29 15:19:36,003 [DEBUG] (0.000) SELECT "auth_user"."id", "auth_user"."password", "auth_user"."last_login", "auth_user"."is_superuser", "auth_user"."username", "auth_user"."first_name", "auth_user"."last_name", "auth_user"."email", "auth_user"."is_staff", "auth_user"."is_active", "auth_user"."date_joined" FROM "auth_user" WHERE "auth_user"."id" = 1 LIMIT 21; args=(1,); alias=default
2026-08-29 15:19:36,003 [DEBUG] (0.000) SELECT "task_manager_task"."id", "task_manager_task"."title", "task_manager_task"."description", "task_manager_task"."status", "task_manager_task"."deadline", "task_manager_task"."created_at", "task_manager_task"."owner_id" FROM "task_manager_task" WHERE "task_manager_task"."id" = '4747293a71fa40db8de3a2d12d666e55' LIMIT 21; args=('4747293a71fa40db8de3a2d12d666e55',); alias=default
2026-08-29 15:19:36,004 [DEBUG] (0.000) SELECT "auth_user"."id", "auth_user"."password", "auth_user"."last_login", "auth_user"."is_superuser", "auth_user"."username", "auth_user"."first_name", "auth_user"."last_name", "auth_user"."email", "auth_user"."is_staff", "auth_user"."is_active", "auth_user"."date_joined" FROM "auth_user" WHERE "auth_user"."id" = 1 LIMIT 21; args=(1,); alias=default
2026-08-29 15:19:51,489 [DEBUG] (0.000) SELECT "auth_user"."id", "auth_user"."password", "auth_user"."last_login", "auth_user"."is_superuser", "auth_user"."username", "auth_user"."first_name", "auth_user"."last_name", "auth_user"."email", "auth_user"."is_staff", "auth_user"."is_active", "auth_user"."date_joined" FROM "auth_user" WHERE "auth_user"."id" = 1 LIMIT 21; args=(1,); alias=default
2026-08-29 15:19:51,489 [DEBUG] (0.000) SELECT "task_manager_task"."id", "task_manager_task"."title", "task_manager_task"."description", "task_manager_task"."status", "task_manager_task"."deadline", "task_manager_task"."created_at", "task_manager_task"."owner_id" FROM "task_manager_task" WHERE "task_manager_task"."id" = '4747293a71fa40db8de3a2d12d666e55' LIMIT 21; args=('4747293a71fa40db8de3a2d12d666e55',); alias=default
2026-08-29 15:19:51,490 [DEBUG] (0.000) SELECT "auth_user"."id", "auth_user"."password", "auth_user"."last_login", "auth_user"."is_superuser", "auth_user"."username", "auth_user"."first_name", "auth_user"."last_name", "auth_user"."email", "auth_user"."is_staff", "auth_user"."is_active", "auth_user"."date_joined" FROM "auth_user" WHERE "auth_user"."id" = 1 LIMIT 21; args=(1,); alias=default
2026-08-29 15:19:54,057 [DEBUG] (0.000) SELECT "auth_user"."id", "auth_user"."password", "auth_user"."last_login", "auth_user"."is_superuser", "auth_user"."username", "auth_user"."first_name", "auth_user"."last_name", "auth_user"."email", "auth_user"."is_staff", "auth_user"."is_active", "auth_user"."date_joined" FROM "auth_user" WHERE "auth_user"."id" = 1 LIMIT 21; args=(1,); alias=default
2026-08-29 15:19:54,058 [DEBUG] (0.000) SELECT "task_manager_task"."id", "task_manager_task"."title", "task_manager_task"."description", "task_manager_task"."status", "task_manager_task"."deadline", "task_manager_task"."created_at", "task_manager_task"."owner_id" FROM "task_manager_task" WHERE "task_manager_task"."id" = '4747293a71fa40db8de3a2d12d666e55' LIMIT 21; args=('4747293a71fa40db8de3a2d12d666e55',); alias=default
2026-08-29 15:19:54,059 [DEBUG] (0.000) SELECT "auth_user"."id", "auth_user"."password", "auth_user"."last_login", "auth_user"."is_superuser", "auth_user"."username", "auth_user"."first_name", "auth_user"."last_name", "auth_user"."email", "auth_user"."is_staff", "auth_user"."is_active", "auth_user"."date_joined" FROM "auth_user" WHERE "auth_user"."id" = 1 LIMIT 21; args=(1,); alias=default
2026-08-29 15:20:15,485 [DEBUG] (0.000) SELECT "auth_user"."id", "auth_user"."password", "auth_user"."last_login", "auth_user"."is_superuser", "auth_user"."username", "auth_user"."first_name", "auth_user"."last_name", "auth_user"."email", "auth_user"."is_staff", "auth_user"."is_active", "auth_user"."date_joined" FROM "auth_user" WHERE "auth_user"."id" = 1 LIMIT 21; args=(1,); alias=default
2026-08-29 15:20:15,486 [DEBUG] (0.000) SELECT "task_manager_task"."id", "task_manager_task"."title", "task_manager_task"."description", "task_manager_task"."status", "task_manager_task"."deadline", "task_manager_task"."created_at", "task_manager_task"."owner_id" FROM "task_manager_task" WHERE "task_manager_task"."id" = '4747293a71fa40db8de3a2d12d666e55' LIMIT 21; args=('4747293a71fa40db8de3a2d12d666e55',); alias=default
2026-08-29 15:20:15,487 [DEBUG] (0.000) SELECT "auth_user"."id", "auth_user"."password", "auth_user"."last_login", "auth_user"."is_superuser", "auth_user"."username", "auth_user"."first_name", "auth_user"."last_name", "auth_user"."email", "auth_user"."is_staff", "auth_user"."is_active", "auth_user"."date_joined" FROM "auth_user" WHERE "auth_user"."id" = 1 LIMIT 21; args=(1,); alias=default
2026-08-29 15:20:22,064 [DEBUG] (0.000) SELECT "auth_user"."id", "auth_user"."password", "auth_user"."last_login", "auth_user"."is_superuser", "auth_user"."username", "auth_user"."first_name", "auth_user"."last_name", "auth_user"."email", "auth_user"."is_staff", "auth_user"."is_active", "auth_user"."date_joined" FROM "auth_user" WHERE "auth_user"."id" = 1 LIMIT 21; args=(1,); alias=default
2026-08-29 15:20:22,065 [DEBUG] (0.000) SELECT "task_manager_task"."id", "task_manager_task"."title", "task_manager_task"."description", "task_manager_task"."status", "task_manager_task"."deadline", "task_manager_task"."created_at", "task_manager_task"."owner_id" FROM "task_manager_task" WHERE "task_manager_task"."id" = '4747293a71fa40db8de3a2d12d666e55' LIMIT 21; args=('4747293a71fa40db8de3a2d12d666e55',); alias=default
2026-08-29 15:20:22,066 [DEBUG] (0.000) SELECT "auth_user"."id", "auth_user"."password", "auth_user"."last_login", "auth_user"."is_superuser", "auth_user"."username", "auth_user"."first_name", "auth_user"."last_name", "auth_user"."email", "auth_user"."is_staff", "auth_user"."is_active", "auth_user"."date_joined" FROM "auth_user" WHERE "auth_user"."id" = 1 LIMIT 21; args=(1,); alias=default
2026-08-29 15:20:31,106 [DEBUG] (0.000) SELECT "auth_user"."id", "auth_user"."password", "auth_user"."last_login", "auth_user"."is_superuser", "auth_user"."username", "auth_user"."first_name", "auth_user"."last_name", "auth_user"."email", "auth_user"."is_staff", "auth_user"."is_active", "auth_user"."date_joined" FROM "auth_user" WHERE "auth_user"."id" = 1 LIMIT 21; args=(1,); alias=default
2026-08-29 15:20:31,107 [DEBUG] (0.000) SELECT "task_manager_task"."id", "task_manager_task"."title", "task_manager_task"."description", "task_manager_task"."status", "task_manager_task"."deadline", "task_manager_task"."created_at", "task_manager_task"."owner_id" FROM "task_manager_task" WHERE "task_manager_task"."id" = '4747293a71fa40db8de3a2d12d666e55' LIMIT 21; args=('4747293a71fa40db8de3a2d12d666e55',); alias=default
2026-08-29 15:20:31,108 [DEBUG] (0.000) SELECT "auth_user"."id", "auth_user"."password", "auth_user"."last_login", "auth_user"."is_superuser", "auth_user"."username", "auth_user"."first_name", "auth_user"."last_name", "auth_user"."email", "auth_user"."is_staff", "auth_user"."is_active", "auth_user"."date_joined" FROM "auth_user" WHERE "auth_user"."id" = 1 LIMIT 21; args=(1,); alias=default
2026-08-29 15:20:31,109 [DEBUG] (0.000) SELECT 1 AS "a" FROM "task_manager_task" WHERE ("task_manager_task"."deadline" = '2026-08-30 21:39:00' AND "task_manager_task"."title" = 'trulala777' AND NOT ("task_manager_task"."id" = '4747293a71fa40db8de3a2d12d666e55')) LIMIT 1; args=(1, '2026-08-30 21:39:00', 'trulala777', '4747293a71fa40db8de3a2d12d666e55'); alias=default
2026-08-29 15:20:31,118 [DEBUG] (0.008) UPDATE "task_manager_task" SET "title" = 'trulala777', "description" = 'fjgfdjgoifdgjfd', "status" = 'new', "deadline" = '2026-08-30 21:39:00', "created_at" = '2026-08-25 19:39:27.183333', "owner_id" = 1 WHERE "task_manager_task"."id" = '4747293a71fa40db8de3a2d12d666e55'; args=('trulala777', 'fjgfdjgoifdgjfd', 'new', '2026-08-30 21:39:00', '2026-08-25 19:39:27.183333', 1, '4747293a71fa40db8de3a2d12d666e55'); alias=default
2026-08-29 15:21:57,523 [DEBUG] (0.000) SELECT "auth_user"."id", "auth_user"."password", "auth_user"."last_login", "auth_user"."is_superuser", "auth_user"."username", "auth_user"."first_name", "auth_user"."last_name", "auth_user"."email", "auth_user"."is_staff", "auth_user"."is_active", "auth_user"."date_joined" FROM "auth_user" WHERE "auth_user"."username" = 'Taras_Shevchenko' LIMIT 21; args=('Taras_Shevchenko',); alias=default
2026-08-29 15:22:11,579 [DEBUG] (0.001) SELECT "django_session"."session_key", "django_session"."session_data", "django_session"."expire_date" FROM "django_session" WHERE ("django_session"."expire_date" > '2026-08-29 13:22:11.576008' AND "django_session"."session_key" = 'l9jtvzd87yrhhpzzrvre3d9j11o1m508') LIMIT 21; args=('2026-08-29 13:22:11.576008', 'l9jtvzd87yrhhpzzrvre3d9j11o1m508'); alias=default
2026-08-29 15:22:11,583 [DEBUG] (0.001) SELECT "auth_user"."id", "auth_user"."password", "auth_user"."last_login", "auth_user"."is_superuser", "auth_user"."username", "auth_user"."first_name", "auth_user"."last_name", "auth_user"."email", "auth_user"."is_staff", "auth_user"."is_active", "auth_user"."date_joined" FROM "auth_user" WHERE "auth_user"."id" = 1 LIMIT 21; args=(1,); alias=default
2026-08-29 15:22:11,587 [DEBUG] (0.001) SELECT "auth_group"."id", "auth_group"."name" FROM "auth_group" ORDER BY "auth_group"."name" ASC; args=(); alias=default
2026-08-29 15:22:11,589 [DEBUG] (0.000) SELECT COUNT(*) AS "__count" FROM "auth_user"; args=(); alias=default
2026-08-29 15:22:11,589 [DEBUG] (0.000) SELECT COUNT(*) AS "__count" FROM "auth_user"; args=(); alias=default
2026-08-29 15:22:11,616 [DEBUG] (0.001) SELECT "auth_user"."id", "auth_user"."password", "auth_user"."last_login", "auth_user"."is_superuser", "auth_user"."username", "auth_user"."first_name", "auth_user"."last_name", "auth_user"."email", "auth_user"."is_staff", "auth_user"."is_active", "auth_user"."date_joined" FROM "auth_user" ORDER BY "auth_user"."username" ASC; args=(); alias=default
2026-08-29 15:22:11,691 [DEBUG] (0.000) SELECT "django_session"."session_key", "django_session"."session_data", "django_session"."expire_date" FROM "django_session" WHERE ("django_session"."expire_date" > '2026-08-29 13:22:11.689728' AND "django_session"."session_key" = 'l9jtvzd87yrhhpzzrvre3d9j11o1m508') LIMIT 21; args=('2026-08-29 13:22:11.689728', 'l9jtvzd87yrhhpzzrvre3d9j11o1m508'); alias=default
2026-08-29 15:22:11,693 [DEBUG] (0.000) SELECT "auth_user"."id", "auth_user"."password", "auth_user"."last_login", "auth_user"."is_superuser", "auth_user"."username", "auth_user"."first_name", "auth_user"."last_name", "auth_user"."email", "auth_user"."is_staff", "auth_user"."is_active", "auth_user"."date_joined" FROM "auth_user" WHERE "auth_user"."id" = 1 LIMIT 21; args=(1,); alias=default
2026-08-29 15:22:12,795 [DEBUG] (0.000) SELECT "django_session"."session_key", "django_session"."session_data", "django_session"."expire_date" FROM "django_session" WHERE ("django_session"."expire_date" > '2026-08-29 13:22:12.793509' AND "django_session"."session_key" = 'l9jtvzd87yrhhpzzrvre3d9j11o1m508') LIMIT 21; args=('2026-08-29 13:22:12.793509', 'l9jtvzd87yrhhpzzrvre3d9j11o1m508'); alias=default
2026-08-29 15:22:12,796 [DEBUG] (0.000) SELECT "auth_user"."id", "auth_user"."password", "auth_user"."last_login", "auth_user"."is_superuser", "auth_user"."username", "auth_user"."first_name", "auth_user"."last_name", "auth_user"."email", "auth_user"."is_staff", "auth_user"."is_active", "auth_user"."date_joined" FROM "auth_user" WHERE "auth_user"."id" = 1 LIMIT 21; args=(1,); alias=default
2026-08-29 15:22:12,798 [DEBUG] (0.000) SELECT "auth_user"."id", "auth_user"."password", "auth_user"."last_login", "auth_user"."is_superuser", "auth_user"."username", "auth_user"."first_name", "auth_user"."last_name", "auth_user"."email", "auth_user"."is_staff", "auth_user"."is_active", "auth_user"."date_joined" FROM "auth_user" WHERE "auth_user"."id" = 2 LIMIT 21; args=(2,); alias=default
2026-08-29 15:22:12,801 [DEBUG] (0.000) SELECT "auth_group"."id", "auth_group"."name" FROM "auth_group" INNER JOIN "auth_user_groups" ON ("auth_group"."id" = "auth_user_groups"."group_id") WHERE "auth_user_groups"."user_id" = 2; args=(2,); alias=default
2026-08-29 15:22:12,802 [DEBUG] (0.000) SELECT "auth_permission"."id", "auth_permission"."name", "auth_permission"."content_type_id", "auth_permission"."codename" FROM "auth_permission" INNER JOIN "auth_user_user_permissions" ON ("auth_permission"."id" = "auth_user_user_permissions"."permission_id") INNER JOIN "django_content_type" ON ("auth_permission"."content_type_id" = "django_content_type"."id") WHERE "auth_user_user_permissions"."user_id" = 2 ORDER BY "django_content_type"."app_label" ASC, "django_content_type"."model" ASC, "auth_permission"."codename" ASC; args=(2,); alias=default
2026-08-29 15:22:12,804 [DEBUG] (0.000) SELECT "django_content_type"."id", "django_content_type"."app_label", "django_content_type"."model" FROM "django_content_type" WHERE ("django_content_type"."app_label" = 'auth' AND "django_content_type"."model" = 'user') LIMIT 21; args=('auth', 'user'); alias=default
2026-08-29 15:22:12,833 [DEBUG] (0.000) SELECT "auth_group"."id", "auth_group"."name" FROM "auth_group" ORDER BY "auth_group"."name" ASC; args=(); alias=default
2026-08-29 15:22:12,837 [DEBUG] (0.000) SELECT "auth_permission"."id", "auth_permission"."name", "auth_permission"."content_type_id", "auth_permission"."codename", "django_content_type"."id", "django_content_type"."app_label", "django_content_type"."model" FROM "auth_permission" INNER JOIN "django_content_type" ON ("auth_permission"."content_type_id" = "django_content_type"."id") ORDER BY "django_content_type"."app_label" ASC, "django_content_type"."model" ASC, "auth_permission"."codename" ASC; args=(); alias=default
2026-08-29 15:22:12,869 [DEBUG] (0.000) SELECT "django_session"."session_key", "django_session"."session_data", "django_session"."expire_date" FROM "django_session" WHERE ("django_session"."expire_date" > '2026-08-29 13:22:12.866186' AND "django_session"."session_key" = 'l9jtvzd87yrhhpzzrvre3d9j11o1m508') LIMIT 21; args=('2026-08-29 13:22:12.866186', 'l9jtvzd87yrhhpzzrvre3d9j11o1m508'); alias=default
2026-08-29 15:22:12,871 [DEBUG] (0.000) SELECT "auth_user"."id", "auth_user"."password", "auth_user"."last_login", "auth_user"."is_superuser", "auth_user"."username", "auth_user"."first_name", "auth_user"."last_name", "auth_user"."email", "auth_user"."is_staff", "auth_user"."is_active", "auth_user"."date_joined" FROM "auth_user" WHERE "auth_user"."id" = 1 LIMIT 21; args=(1,); alias=default
2026-08-29 15:22:22,361 [DEBUG] (0.000) SELECT "auth_user"."id", "auth_user"."password", "auth_user"."last_login", "auth_user"."is_superuser", "auth_user"."username", "auth_user"."first_name", "auth_user"."last_name", "auth_user"."email", "auth_user"."is_staff", "auth_user"."is_active", "auth_user"."date_joined" FROM "auth_user" WHERE "auth_user"."username" = 'Taras_Shevchenko' LIMIT 21; args=('Taras_Shevchenko',); alias=default
2026-08-29 15:22:45,695 [DEBUG] (0.000) SELECT "django_session"."session_key", "django_session"."session_data", "django_session"."expire_date" FROM "django_session" WHERE ("django_session"."expire_date" > '2026-08-29 13:22:45.693429' AND "django_session"."session_key" = 'l9jtvzd87yrhhpzzrvre3d9j11o1m508') LIMIT 21; args=('2026-08-29 13:22:45.693429', 'l9jtvzd87yrhhpzzrvre3d9j11o1m508'); alias=default
2026-08-29 15:22:45,697 [DEBUG] (0.000) SELECT "auth_user"."id", "auth_user"."password", "auth_user"."last_login", "auth_user"."is_superuser", "auth_user"."username", "auth_user"."first_name", "auth_user"."last_name", "auth_user"."email", "auth_user"."is_staff", "auth_user"."is_active", "auth_user"."date_joined" FROM "auth_user" WHERE "auth_user"."id" = 1 LIMIT 21; args=(1,); alias=default
2026-08-29 15:22:45,699 [DEBUG] (0.000) SELECT "auth_user"."id", "auth_user"."password", "auth_user"."last_login", "auth_user"."is_superuser", "auth_user"."username", "auth_user"."first_name", "auth_user"."last_name", "auth_user"."email", "auth_user"."is_staff", "auth_user"."is_active", "auth_user"."date_joined" FROM "auth_user" WHERE "auth_user"."id" = 2 LIMIT 21; args=(2,); alias=default
2026-08-29 15:22:54,004 [DEBUG] (0.000) SELECT "django_session"."session_key", "django_session"."session_data", "django_session"."expire_date" FROM "django_session" WHERE ("django_session"."expire_date" > '2026-08-29 13:22:54.001722' AND "django_session"."session_key" = 'l9jtvzd87yrhhpzzrvre3d9j11o1m508') LIMIT 21; args=('2026-08-29 13:22:54.001722', 'l9jtvzd87yrhhpzzrvre3d9j11o1m508'); alias=default
2026-08-29 15:22:54,005 [DEBUG] (0.000) SELECT "auth_user"."id", "auth_user"."password", "auth_user"."last_login", "auth_user"."is_superuser", "auth_user"."username", "auth_user"."first_name", "auth_user"."last_name", "auth_user"."email", "auth_user"."is_staff", "auth_user"."is_active", "auth_user"."date_joined" FROM "auth_user" WHERE "auth_user"."id" = 1 LIMIT 21; args=(1,); alias=default
2026-08-29 15:22:54,008 [DEBUG] (0.000) SELECT "auth_user"."id", "auth_user"."password", "auth_user"."last_login", "auth_user"."is_superuser", "auth_user"."username", "auth_user"."first_name", "auth_user"."last_name", "auth_user"."email", "auth_user"."is_staff", "auth_user"."is_active", "auth_user"."date_joined" FROM "auth_user" WHERE "auth_user"."id" = 2 LIMIT 21; args=(2,); alias=default
2026-08-29 15:23:10,769 [DEBUG] (0.000) SELECT "django_session"."session_key", "django_session"."session_data", "django_session"."expire_date" FROM "django_session" WHERE ("django_session"."expire_date" > '2026-08-29 13:23:10.766376' AND "django_session"."session_key" = 'l9jtvzd87yrhhpzzrvre3d9j11o1m508') LIMIT 21; args=('2026-08-29 13:23:10.766376', 'l9jtvzd87yrhhpzzrvre3d9j11o1m508'); alias=default
2026-08-29 15:23:10,771 [DEBUG] (0.000) SELECT "auth_user"."id", "auth_user"."password", "auth_user"."last_login", "auth_user"."is_superuser", "auth_user"."username", "auth_user"."first_name", "auth_user"."last_name", "auth_user"."email", "auth_user"."is_staff", "auth_user"."is_active", "auth_user"."date_joined" FROM "auth_user" WHERE "auth_user"."id" = 1 LIMIT 21; args=(1,); alias=default
2026-08-29 15:23:10,772 [DEBUG] (0.000) SELECT "auth_user"."id", "auth_user"."password", "auth_user"."last_login", "auth_user"."is_superuser", "auth_user"."username", "auth_user"."first_name", "auth_user"."last_name", "auth_user"."email", "auth_user"."is_staff", "auth_user"."is_active", "auth_user"."date_joined" FROM "auth_user" WHERE "auth_user"."id" = 2 LIMIT 21; args=(2,); alias=default
2026-08-29 15:23:12,298 [DEBUG] (0.010) UPDATE "auth_user" SET "password" = 'pbkdf2_sha256$1500000$NXwEcFpydywxVumMApK2Bs$k5i4UbFYqZLubSBxvhYllCL7yHN1UUs/quR6ixZivJE=', "last_login" = NULL, "is_superuser" = 0, "username" = 'Taras_Shevchenko', "first_name" = '', "last_name" = '', "email" = '', "is_staff" = 0, "is_active" = 1, "date_joined" = '2026-08-29 11:45:19.877804' WHERE "auth_user"."id" = 2; args=('pbkdf2_sha256$1500000$NXwEcFpydywxVumMApK2Bs$k5i4UbFYqZLubSBxvhYllCL7yHN1UUs/quR6ixZivJE=', None, False, 'Taras_Shevchenko', '', '', '', False, True, '2026-08-29 11:45:19.877804', 2); alias=default
2026-08-29 15:23:12,301 [DEBUG] (0.002) INSERT INTO "django_admin_log" ("action_time", "user_id", "content_type_id", "object_id", "object_repr", "action_flag", "change_message") VALUES ('2026-08-29 13:23:12.298874', 1, 4, '2', 'Taras_Shevchenko', 2, '[{"changed": {"fields": ["password"]}}]') RETURNING "django_admin_log"."id"; args=('2026-08-29 13:23:12.298874', 1, 4, '2', 'Taras_Shevchenko', 2, '[{"changed": {"fields": ["password"]}}]'); alias=default
2026-08-29 15:23:12,306 [DEBUG] (0.000) SELECT 1 AS "a" FROM "django_session" WHERE "django_session"."session_key" = 'rfkhgfxgop7i0z6rjyzfz4yoi6knk787' LIMIT 1; args=(1, 'rfkhgfxgop7i0z6rjyzfz4yoi6knk787'); alias=default
2026-08-29 15:23:12,307 [DEBUG] (0.000) BEGIN; args=None; alias=default
2026-08-29 15:23:12,308 [DEBUG] (0.001) INSERT INTO "django_session" ("session_key", "session_data", "expire_date") VALUES ('rfkhgfxgop7i0z6rjyzfz4yoi6knk787', '.eJxVjMsKwjAQAP9lzxI2r03p0bvfELJ5mKok0LQn8d-l0INeZ4Z5gw_7Vv0-8uqXBDNIuPwyDvGZ2yHSI7R7F7G3bV1YHIk47RC3nvLrerZ_gxpGhRkKYiQqaIN2bK1NiEk7lsowKtITMmpHTkYig-SKmShRYYlsIylp4fMFtKI2Zg:1x0J1c:vGNt8QjMIFzh4DV4XWiqk_KsSdDXyWvEQUTNUCamJTs', '2026-09-12 13:23:12.306898'); args=('rfkhgfxgop7i0z6rjyzfz4yoi6knk787', '.eJxVjMsKwjAQAP9lzxI2r03p0bvfELJ5mKok0LQn8d-l0INeZ4Z5gw_7Vv0-8uqXBDNIuPwyDvGZ2yHSI7R7F7G3bV1YHIk47RC3nvLrerZ_gxpGhRkKYiQqaIN2bK1NiEk7lsowKtITMmpHTkYig-SKmShRYYlsIylp4fMFtKI2Zg:1x0J1c:vGNt8QjMIFzh4DV4XWiqk_KsSdDXyWvEQUTNUCamJTs', '2026-09-12 13:23:12.306898'); alias=default
2026-08-29 15:23:12,312 [DEBUG] (0.004) COMMIT; args=None; alias=default
2026-08-29 15:23:12,313 [DEBUG] (0.000) SELECT "django_session"."session_key", "django_session"."session_data", "django_session"."expire_date" FROM "django_session" WHERE "django_session"."session_key" = 'l9jtvzd87yrhhpzzrvre3d9j11o1m508' LIMIT 21; args=('l9jtvzd87yrhhpzzrvre3d9j11o1m508',); alias=default
2026-08-29 15:23:12,318 [DEBUG] (0.004) DELETE FROM "django_session" WHERE "django_session"."session_key" IN ('l9jtvzd87yrhhpzzrvre3d9j11o1m508'); args=('l9jtvzd87yrhhpzzrvre3d9j11o1m508',); alias=default
2026-08-29 15:23:12,319 [DEBUG] (0.000) BEGIN; args=None; alias=default
2026-08-29 15:23:12,320 [DEBUG] (0.001) UPDATE "django_session" SET "session_data" = '.eJxVjMsKwjAQAP9lzxI2r03p0bvfELJ5mKok0LQn8d-l0INeZ4Z5gw_7Vv0-8uqXBDNIuPwyDvGZ2yHSI7R7F7G3bV1YHIk47RC3nvLrerZ_gxpGhRkKYiQqaIN2bK1NiEk7lsowKtITMmpHTkYig-SKmShRYYlsIylp4fMFtKI2Zg:1x0J1c:vGNt8QjMIFzh4DV4XWiqk_KsSdDXyWvEQUTNUCamJTs', "expire_date" = '2026-09-12 13:23:12.319079' WHERE "django_session"."session_key" = 'rfkhgfxgop7i0z6rjyzfz4yoi6knk787'; args=('.eJxVjMsKwjAQAP9lzxI2r03p0bvfELJ5mKok0LQn8d-l0INeZ4Z5gw_7Vv0-8uqXBDNIuPwyDvGZ2yHSI7R7F7G3bV1YHIk47RC3nvLrerZ_gxpGhRkKYiQqaIN2bK1NiEk7lsowKtITMmpHTkYig-SKmShRYYlsIylp4fMFtKI2Zg:1x0J1c:vGNt8QjMIFzh4DV4XWiqk_KsSdDXyWvEQUTNUCamJTs', '2026-09-12 13:23:12.319079', 'rfkhgfxgop7i0z6rjyzfz4yoi6knk787'); alias=default
2026-08-29 15:23:12,323 [DEBUG] (0.003) COMMIT; args=None; alias=default
2026-08-29 15:23:12,328 [DEBUG] (0.000) SELECT "django_session"."session_key", "django_session"."session_data", "django_session"."expire_date" FROM "django_session" WHERE ("django_session"."expire_date" > '2026-08-29 13:23:12.326881' AND "django_session"."session_key" = 'rfkhgfxgop7i0z6rjyzfz4yoi6knk787') LIMIT 21; args=('2026-08-29 13:23:12.326881', 'rfkhgfxgop7i0z6rjyzfz4yoi6knk787'); alias=default
2026-08-29 15:23:12,329 [DEBUG] (0.000) SELECT "auth_user"."id", "auth_user"."password", "auth_user"."last_login", "auth_user"."is_superuser", "auth_user"."username", "auth_user"."first_name", "auth_user"."last_name", "auth_user"."email", "auth_user"."is_staff", "auth_user"."is_active", "auth_user"."date_joined" FROM "auth_user" WHERE "auth_user"."id" = 1 LIMIT 21; args=(1,); alias=default
2026-08-29 15:23:12,330 [DEBUG] (0.000) SELECT "auth_user"."id", "auth_user"."password", "auth_user"."last_login", "auth_user"."is_superuser", "auth_user"."username", "auth_user"."first_name", "auth_user"."last_name", "auth_user"."email", "auth_user"."is_staff", "auth_user"."is_active", "auth_user"."date_joined" FROM "auth_user" WHERE "auth_user"."id" = 2 LIMIT 21; args=(2,); alias=default
2026-08-29 15:23:12,332 [DEBUG] (0.000) SELECT "auth_group"."id", "auth_group"."name" FROM "auth_group" INNER JOIN "auth_user_groups" ON ("auth_group"."id" = "auth_user_groups"."group_id") WHERE "auth_user_groups"."user_id" = 2; args=(2,); alias=default
2026-08-29 15:23:12,333 [DEBUG] (0.000) SELECT "auth_permission"."id", "auth_permission"."name", "auth_permission"."content_type_id", "auth_permission"."codename" FROM "auth_permission" INNER JOIN "auth_user_user_permissions" ON ("auth_permission"."id" = "auth_user_user_permissions"."permission_id") INNER JOIN "django_content_type" ON ("auth_permission"."content_type_id" = "django_content_type"."id") WHERE "auth_user_user_permissions"."user_id" = 2 ORDER BY "django_content_type"."app_label" ASC, "django_content_type"."model" ASC, "auth_permission"."codename" ASC; args=(2,); alias=default
2026-08-29 15:23:12,347 [DEBUG] (0.000) SELECT "auth_group"."id", "auth_group"."name" FROM "auth_group" ORDER BY "auth_group"."name" ASC; args=(); alias=default
2026-08-29 15:23:12,350 [DEBUG] (0.000) SELECT "auth_permission"."id", "auth_permission"."name", "auth_permission"."content_type_id", "auth_permission"."codename", "django_content_type"."id", "django_content_type"."app_label", "django_content_type"."model" FROM "auth_permission" INNER JOIN "django_content_type" ON ("auth_permission"."content_type_id" = "django_content_type"."id") ORDER BY "django_content_type"."app_label" ASC, "django_content_type"."model" ASC, "auth_permission"."codename" ASC; args=(); alias=default
2026-08-29 15:23:12,374 [DEBUG] (0.000) SELECT "django_session"."session_key", "django_session"."session_data", "django_session"."expire_date" FROM "django_session" WHERE ("django_session"."expire_date" > '2026-08-29 13:23:12.372401' AND "django_session"."session_key" = 'rfkhgfxgop7i0z6rjyzfz4yoi6knk787') LIMIT 21; args=('2026-08-29 13:23:12.372401', 'rfkhgfxgop7i0z6rjyzfz4yoi6knk787'); alias=default
2026-08-29 15:23:12,376 [DEBUG] (0.000) SELECT "auth_user"."id", "auth_user"."password", "auth_user"."last_login", "auth_user"."is_superuser", "auth_user"."username", "auth_user"."first_name", "auth_user"."last_name", "auth_user"."email", "auth_user"."is_staff", "auth_user"."is_active", "auth_user"."date_joined" FROM "auth_user" WHERE "auth_user"."id" = 1 LIMIT 21; args=(1,); alias=default
2026-08-29 15:23:20,353 [DEBUG] (0.000) SELECT "auth_user"."id", "auth_user"."password", "auth_user"."last_login", "auth_user"."is_superuser", "auth_user"."username", "auth_user"."first_name", "auth_user"."last_name", "auth_user"."email", "auth_user"."is_staff", "auth_user"."is_active", "auth_user"."date_joined" FROM "auth_user" WHERE "auth_user"."username" = 'Taras_Shevchenko' LIMIT 21; args=('Taras_Shevchenko',); alias=default
2026-08-29 15:23:33,559 [DEBUG] (0.000) SELECT "auth_user"."id", "auth_user"."password", "auth_user"."last_login", "auth_user"."is_superuser", "auth_user"."username", "auth_user"."first_name", "auth_user"."last_name", "auth_user"."email", "auth_user"."is_staff", "auth_user"."is_active", "auth_user"."date_joined" FROM "auth_user" WHERE "auth_user"."id" = 2 LIMIT 21; args=(2,); alias=default
2026-08-29 15:23:33,559 [DEBUG] (0.000) SELECT "task_manager_task"."id", "task_manager_task"."title", "task_manager_task"."description", "task_manager_task"."status", "task_manager_task"."deadline", "task_manager_task"."created_at", "task_manager_task"."owner_id" FROM "task_manager_task" WHERE "task_manager_task"."id" = '4747293a71fa40db8de3a2d12d666e55' LIMIT 21; args=('4747293a71fa40db8de3a2d12d666e55',); alias=default
2026-08-29 15:23:33,560 [DEBUG] (0.000) SELECT "auth_user"."id", "auth_user"."password", "auth_user"."last_login", "auth_user"."is_superuser", "auth_user"."username", "auth_user"."first_name", "auth_user"."last_name", "auth_user"."email", "auth_user"."is_staff", "auth_user"."is_active", "auth_user"."date_joined" FROM "auth_user" WHERE "auth_user"."id" = 1 LIMIT 21; args=(1,); alias=default
2026-08-29 15:24:35,439 [DEBUG] (0.000) SELECT "auth_user"."id", "auth_user"."password", "auth_user"."last_login", "auth_user"."is_superuser", "auth_user"."username", "auth_user"."first_name", "auth_user"."last_name", "auth_user"."email", "auth_user"."is_staff", "auth_user"."is_active", "auth_user"."date_joined" FROM "auth_user" WHERE "auth_user"."id" = 2 LIMIT 21; args=(2,); alias=default
2026-08-29 15:24:35,440 [DEBUG] (0.000) SELECT "task_manager_task"."id", "task_manager_task"."title", "task_manager_task"."description", "task_manager_task"."status", "task_manager_task"."deadline", "task_manager_task"."created_at", "task_manager_task"."owner_id" FROM "task_manager_task" WHERE "task_manager_task"."id" = '4747293a71fa40db8de3a2d12d666e55' LIMIT 21; args=('4747293a71fa40db8de3a2d12d666e55',); alias=default
2026-08-29 15:24:35,441 [DEBUG] (0.000) SELECT "task_manager_subtask"."id", "task_manager_subtask"."title", "task_manager_subtask"."description", "task_manager_subtask"."task_id", "task_manager_subtask"."status", "task_manager_subtask"."deadline", "task_manager_subtask"."created_at", "task_manager_subtask"."owner_id" FROM "task_manager_subtask" WHERE "task_manager_subtask"."task_id" = '4747293a71fa40db8de3a2d12d666e55' ORDER BY "task_manager_subtask"."created_at" DESC; args=('4747293a71fa40db8de3a2d12d666e55',); alias=default
2026-08-29 15:39:12,370 [DEBUG] (0.000) 
            SELECT name, type FROM sqlite_master
            WHERE type in ('table', 'view') AND NOT name='sqlite_sequence'
            ORDER BY name; args=None; alias=default
2026-08-29 15:39:12,374 [DEBUG] (0.001) SELECT "django_migrations"."id", "django_migrations"."app", "django_migrations"."name", "django_migrations"."applied" FROM "django_migrations"; args=(); alias=default
2026-08-29 15:39:19,003 [DEBUG] (0.000) 
            SELECT name, type FROM sqlite_master
            WHERE type in ('table', 'view') AND NOT name='sqlite_sequence'
            ORDER BY name; args=None; alias=default
2026-08-29 15:39:19,006 [DEBUG] (0.000) SELECT "django_migrations"."id", "django_migrations"."app", "django_migrations"."name", "django_migrations"."applied" FROM "django_migrations"; args=(); alias=default
2026-08-29 15:40:15,546 [DEBUG] (0.000) 
            SELECT name, type FROM sqlite_master
            WHERE type in ('table', 'view') AND NOT name='sqlite_sequence'
            ORDER BY name; args=None; alias=default
2026-08-29 15:40:15,549 [DEBUG] (0.000) SELECT "django_migrations"."id", "django_migrations"."app", "django_migrations"."name", "django_migrations"."applied" FROM "django_migrations"; args=(); alias=default
